  [1m[35m (167.1ms)[0m  [1m[35mCREATE DATABASE "larpup_api_development" ENCODING = 'unicode'[0m
  [1m[35m (78.1ms)[0m  [1m[35mCREATE DATABASE "larpup_api_test" ENCODING = 'unicode'[0m
  [1m[35m (125.6ms)[0m  [1m[35mCREATE TABLE "schema_migrations" ("version" character varying NOT NULL PRIMARY KEY)[0m
  [1m[35m (47.4ms)[0m  [1m[35mCREATE TABLE "ar_internal_metadata" ("key" character varying NOT NULL PRIMARY KEY, "value" character varying, "created_at" timestamp(6) NOT NULL, "updated_at" timestamp(6) NOT NULL)[0m
  [1m[35m (0.5ms)[0m  [1m[34mSELECT pg_try_advisory_lock(8709328801437608400)[0m
  [1m[36mActiveRecord::SchemaMigration Load (0.8ms)[0m  [1m[34mSELECT "schema_migrations"."version" FROM "schema_migrations" ORDER BY "schema_migrations"."version" ASC[0m
  [1m[36mActiveRecord::InternalMetadata Load (22.8ms)[0m  [1m[34mSELECT * FROM "ar_internal_metadata" WHERE "ar_internal_metadata"."key" = $1 ORDER BY "ar_internal_metadata"."key" ASC LIMIT 1[0m  [[nil, "environment"]]
  [1m[36mActiveRecord::InternalMetadata Create (15.3ms)[0m  [1m[32mINSERT INTO "ar_internal_metadata" ("key", "value", "created_at", "updated_at") VALUES ('environment', 'development', '2026-05-06 02:13:55.099385', '2026-05-06 02:13:55.099387') RETURNING "key"[0m
Migrating to CreateUsers (20260506020335)
  [1m[36mTRANSACTION (0.1ms)[0m  [1m[35mBEGIN[0m
  [1m[35m (63.3ms)[0m  [1m[35mCREATE TABLE "users" ("id" bigserial primary key, "email" character varying, "password_digest" character varying, "nickname" character varying, "created_at" timestamp(6) NOT NULL, "updated_at" timestamp(6) NOT NULL)[0m
  [1m[35m (1.1ms)[0m  [1m[35mCREATE UNIQUE INDEX "index_users_on_email" ON "users" ("email")[0m
  [1m[36mActiveRecord::SchemaMigration Create (0.4ms)[0m  [1m[32mINSERT INTO "schema_migrations" ("version") VALUES ('20260506020335') RETURNING "version"[0m
  [1m[36mTRANSACTION (0.3ms)[0m  [1m[35mCOMMIT[0m
Migrating to CreateScripts (20260506020349)
  [1m[36mTRANSACTION (0.3ms)[0m  [1m[35mBEGIN[0m
  [1m[35m (4.3ms)[0m  [1m[35mCREATE TABLE "scripts" ("id" bigserial primary key, "title" character varying, "genres" integer[] DEFAULT '{}', "description" text, "difficulty" integer, "male_slots" integer, "female_slots" integer, "any_slots" integer, "created_at" timestamp(6) NOT NULL, "updated_at" timestamp(6) NOT NULL)[0m
  [1m[35m (20.0ms)[0m  [1m[35mCREATE INDEX "index_scripts_on_genres" ON "scripts" USING gin ("genres")[0m
  [1m[36mActiveRecord::SchemaMigration Create (0.2ms)[0m  [1m[32mINSERT INTO "schema_migrations" ("version") VALUES ('20260506020349') RETURNING "version"[0m
  [1m[36mTRANSACTION (23.1ms)[0m  [1m[35mCOMMIT[0m
Migrating to CreateEvents (20260506020354)
  [1m[36mTRANSACTION (0.3ms)[0m  [1m[35mBEGIN[0m
  [1m[35m (58.8ms)[0m  [1m[35mCREATE TABLE "events" ("id" bigserial primary key, "script_id" bigint NOT NULL, "host_id" bigint NOT NULL, "scheduled_at" timestamp(6), "location" character varying, "status" integer, "created_at" timestamp(6) NOT NULL, "updated_at" timestamp(6) NOT NULL, CONSTRAINT "fk_rails_feacc02cce"
FOREIGN KEY ("script_id")
  REFERENCES "scripts" ("id")
, CONSTRAINT "fk_rails_d56a268962"
FOREIGN KEY ("host_id")
  REFERENCES "users" ("id")
)[0m
  [1m[35m (1.5ms)[0m  [1m[35mCREATE INDEX "index_events_on_script_id" ON "events" ("script_id")[0m
  [1m[35m (1.3ms)[0m  [1m[35mCREATE INDEX "index_events_on_host_id" ON "events" ("host_id")[0m
  [1m[36mActiveRecord::SchemaMigration Create (0.2ms)[0m  [1m[32mINSERT INTO "schema_migrations" ("version") VALUES ('20260506020354') RETURNING "version"[0m
  [1m[36mTRANSACTION (0.3ms)[0m  [1m[35mCOMMIT[0m
Migrating to CreateEventMembers (20260506020359)
  [1m[36mTRANSACTION (0.2ms)[0m  [1m[35mBEGIN[0m
  [1m[35m (3.3ms)[0m  [1m[35mCREATE TABLE "event_members" ("id" bigserial primary key, "event_id" bigint NOT NULL, "user_id" bigint NOT NULL, "status" integer, "created_at" timestamp(6) NOT NULL, "updated_at" timestamp(6) NOT NULL, CONSTRAINT "fk_rails_710c869b82"
FOREIGN KEY ("event_id")
  REFERENCES "events" ("id")
, CONSTRAINT "fk_rails_8dbb5f4d76"
FOREIGN KEY ("user_id")
  REFERENCES "users" ("id")
)[0m
  [1m[35m (1.5ms)[0m  [1m[35mCREATE INDEX "index_event_members_on_event_id" ON "event_members" ("event_id")[0m
  [1m[35m (1.1ms)[0m  [1m[35mCREATE INDEX "index_event_members_on_user_id" ON "event_members" ("user_id")[0m
  [1m[35m (0.6ms)[0m  [1m[35mCREATE UNIQUE INDEX "index_event_members_on_event_id_and_user_id" ON "event_members" ("event_id", "user_id")[0m
  [1m[36mActiveRecord::SchemaMigration Create (0.2ms)[0m  [1m[32mINSERT INTO "schema_migrations" ("version") VALUES ('20260506020359') RETURNING "version"[0m
  [1m[36mTRANSACTION (0.2ms)[0m  [1m[35mCOMMIT[0m
  [1m[35m (19.0ms)[0m  [1m[34mSELECT pg_advisory_unlock(8709328801437608400)[0m
  [1m[36mActiveRecord::SchemaMigration Load (0.2ms)[0m  [1m[34mSELECT "schema_migrations"."version" FROM "schema_migrations" ORDER BY "schema_migrations"."version" ASC[0m
  [1m[36mActiveRecord::SchemaMigration Load (5.1ms)[0m  [1m[34mSELECT "schema_migrations"."version" FROM "schema_migrations" ORDER BY "schema_migrations"."version" ASC[0m
  [1m[36mCACHE ActiveRecord::SchemaMigration Load (0.0ms)[0m  [1m[34mSELECT "schema_migrations"."version" FROM "schema_migrations" ORDER BY "schema_migrations"."version" ASC[0m
  [1m[36mCACHE ActiveRecord::SchemaMigration Load (0.0ms)[0m  [1m[34mSELECT "schema_migrations"."version" FROM "schema_migrations" ORDER BY "schema_migrations"."version" ASC[0m
  [1m[36mCACHE ActiveRecord::SchemaMigration Load (0.0ms)[0m  [1m[34mSELECT "schema_migrations"."version" FROM "schema_migrations" ORDER BY "schema_migrations"."version" ASC[0m
  [1m[36mActiveRecord::SchemaMigration Load (2.4ms)[0m  [1m[34mSELECT "schema_migrations"."version" FROM "schema_migrations" ORDER BY "schema_migrations"."version" ASC[0m
  [1m[35m (2.5ms)[0m  [1m[34mSELECT pg_try_advisory_lock(8709328801437608400)[0m
  [1m[36mActiveRecord::SchemaMigration Load (1.2ms)[0m  [1m[34mSELECT "schema_migrations"."version" FROM "schema_migrations" ORDER BY "schema_migrations"."version" ASC[0m
  [1m[36mActiveRecord::InternalMetadata Load (1.8ms)[0m  [1m[34mSELECT * FROM "ar_internal_metadata" WHERE "ar_internal_metadata"."key" = $1 ORDER BY "ar_internal_metadata"."key" ASC LIMIT 1[0m  [[nil, "environment"]]
Migrating to CreateActiveStorageTables (20260506025319)
  [1m[36mTRANSACTION (0.1ms)[0m  [1m[35mBEGIN[0m
  [1m[35m (9.7ms)[0m  [1m[35mCREATE TABLE "active_storage_blobs" ("id" bigserial primary key, "key" character varying NOT NULL, "filename" character varying NOT NULL, "content_type" character varying, "metadata" text, "service_name" character varying NOT NULL, "byte_size" bigint NOT NULL, "checksum" character varying, "created_at" timestamp(6) NOT NULL)[0m
  [1m[35m (1.4ms)[0m  [1m[35mCREATE UNIQUE INDEX "index_active_storage_blobs_on_key" ON "active_storage_blobs" ("key")[0m
  [1m[35m (4.6ms)[0m  [1m[35mCREATE TABLE "active_storage_attachments" ("id" bigserial primary key, "name" character varying NOT NULL, "record_type" character varying NOT NULL, "record_id" bigint NOT NULL, "blob_id" bigint NOT NULL, "created_at" timestamp(6) NOT NULL, CONSTRAINT "fk_rails_c3b3935057"
FOREIGN KEY ("blob_id")
  REFERENCES "active_storage_blobs" ("id")
)[0m
  [1m[35m (0.7ms)[0m  [1m[35mCREATE INDEX "index_active_storage_attachments_on_blob_id" ON "active_storage_attachments" ("blob_id")[0m
  [1m[35m (1.5ms)[0m  [1m[35mCREATE UNIQUE INDEX "index_active_storage_attachments_uniqueness" ON "active_storage_attachments" ("record_type", "record_id", "name", "blob_id")[0m
  [1m[35m (4.2ms)[0m  [1m[35mCREATE TABLE "active_storage_variant_records" ("id" bigserial primary key, "blob_id" bigint NOT NULL, "variation_digest" character varying NOT NULL, CONSTRAINT "fk_rails_993965df05"
FOREIGN KEY ("blob_id")
  REFERENCES "active_storage_blobs" ("id")
)[0m
  [1m[35m (1.0ms)[0m  [1m[35mCREATE UNIQUE INDEX "index_active_storage_variant_records_uniqueness" ON "active_storage_variant_records" ("blob_id", "variation_digest")[0m
  [1m[36mActiveRecord::SchemaMigration Create (21.9ms)[0m  [1m[32mINSERT INTO "schema_migrations" ("version") VALUES ('20260506025319') RETURNING "version"[0m
  [1m[36mTRANSACTION (0.6ms)[0m  [1m[35mCOMMIT[0m
Migrating to AddIsAdminToUsers (20260506025328)
  [1m[36mTRANSACTION (0.5ms)[0m  [1m[35mBEGIN[0m
  [1m[35m (0.6ms)[0m  [1m[35mALTER TABLE "users" ADD "is_admin" boolean DEFAULT FALSE NOT NULL[0m
  [1m[36mActiveRecord::SchemaMigration Create (0.2ms)[0m  [1m[32mINSERT INTO "schema_migrations" ("version") VALUES ('20260506025328') RETURNING "version"[0m
  [1m[36mTRANSACTION (20.9ms)[0m  [1m[35mCOMMIT[0m
  [1m[35m (0.2ms)[0m  [1m[34mSELECT pg_advisory_unlock(8709328801437608400)[0m
  [1m[36mActiveRecord::SchemaMigration Load (0.1ms)[0m  [1m[34mSELECT "schema_migrations"."version" FROM "schema_migrations" ORDER BY "schema_migrations"."version" ASC[0m
Started GET "/api/v1/events" for ::1 at 2026-05-06 11:27:49 +0800
  [1m[36mActiveRecord::SchemaMigration Load (3.2ms)[0m  [1m[34mSELECT "schema_migrations"."version" FROM "schema_migrations" ORDER BY "schema_migrations"."version" ASC[0m
Processing by Api::V1::EventsController#index as */*
  Parameters: {"event"=>{}}
  [1m[36mEvent Load (2.2ms)[0m  [1m[34mSELECT "events".* FROM "events"[0m
  ↳ app/controllers/api/v1/events_controller.rb:14:in `map'
Completed 200 OK in 21ms (Views: 0.3ms | ActiveRecord: 27.6ms (1 query, 0 cached) | GC: 0.4ms)


Started GET "/api/v1/events" for ::1 at 2026-05-06 11:27:49 +0800
Processing by Api::V1::EventsController#index as */*
  Parameters: {"event"=>{}}
  [1m[36mEvent Load (0.2ms)[0m  [1m[34mSELECT "events".* FROM "events"[0m
  ↳ app/controllers/api/v1/events_controller.rb:14:in `map'
Completed 200 OK in 1ms (Views: 0.1ms | ActiveRecord: 0.2ms (1 query, 0 cached) | GC: 0.3ms)


Started POST "/api/v1/auth/register" for ::1 at 2026-05-06 11:32:03 +0800
Processing by Api::V1::AuthController#register as */*
  Parameters: {"email"=>"[FILTERED]", "password"=>"[FILTERED]", "password_confirmation"=>"[FILTERED]", "nickname"=>"七七", "auth"=>{"email"=>"[FILTERED]", "password"=>"[FILTERED]", "password_confirmation"=>"[FILTERED]", "nickname"=>"七七"}}
[31mUnpermitted parameter: :auth. Context: { controller: Api::V1::AuthController, action: register, request: #<ActionDispatch::Request:0x00000001272d19a0>, params: {"email"=>"[FILTERED]", "password"=>"[FILTERED]", "password_confirmation"=>"[FILTERED]", "nickname"=>"七七", "controller"=>"api/v1/auth", "action"=>"register", "auth"=>{"email"=>"[FILTERED]", "password"=>"[FILTERED]", "password_confirmation"=>"[FILTERED]", "nickname"=>"七七"}} }[0m
  [1m[36mTRANSACTION (0.1ms)[0m  [1m[35mBEGIN[0m
  ↳ app/controllers/api/v1/auth_controller.rb:8:in `register'
  [1m[36mUser Exists? (33.3ms)[0m  [1m[34mSELECT 1 AS one FROM "users" WHERE LOWER("users"."email") = LOWER($1) LIMIT $2[0m  [["email", "[FILTERED]"], ["LIMIT", 1]]
  ↳ app/controllers/api/v1/auth_controller.rb:8:in `register'
  [1m[36mUser Create (31.1ms)[0m  [1m[32mINSERT INTO "users" ("email", "password_digest", "nickname", "created_at", "updated_at", "is_admin") VALUES ($1, $2, $3, $4, $5, $6) RETURNING "id"[0m  [["email", "[FILTERED]"], ["password_digest", "[FILTERED]"], ["nickname", "七七"], ["created_at", "2026-05-06 03:32:03.704510"], ["updated_at", "2026-05-06 03:32:03.704510"], ["is_admin", false]]
  ↳ app/controllers/api/v1/auth_controller.rb:8:in `register'
  [1m[36mTRANSACTION (53.4ms)[0m  [1m[35mCOMMIT[0m
  ↳ app/controllers/api/v1/auth_controller.rb:8:in `register'
Completed 201 Created in 422ms (Views: 0.1ms | ActiveRecord: 199.2ms (2 queries, 0 cached) | GC: 1.8ms)


Started GET "/api/v1/events" for ::1 at 2026-05-06 11:32:03 +0800
Processing by Api::V1::EventsController#index as */*
  Parameters: {"event"=>{}}
  [1m[36mEvent Load (0.4ms)[0m  [1m[34mSELECT "events".* FROM "events"[0m
  ↳ app/controllers/api/v1/events_controller.rb:14:in `map'
Completed 200 OK in 2ms (Views: 0.1ms | ActiveRecord: 0.4ms (1 query, 0 cached) | GC: 1.1ms)


Started GET "/api/v1/events" for ::1 at 2026-05-06 11:32:03 +0800
Processing by Api::V1::EventsController#index as */*
  Parameters: {"event"=>{}}
  [1m[36mEvent Load (0.2ms)[0m  [1m[34mSELECT "events".* FROM "events"[0m
  ↳ app/controllers/api/v1/events_controller.rb:14:in `map'
Completed 200 OK in 2ms (Views: 0.1ms | ActiveRecord: 0.2ms (1 query, 0 cached) | GC: 1.0ms)


Started GET "/api/v1/users/me/events" for ::1 at 2026-05-06 11:32:09 +0800
Processing by Api::V1::UsersController#events as */*
  Parameters: {"user"=>{}}
  [1m[36mUser Load (0.6ms)[0m  [1m[34mSELECT "users".* FROM "users" WHERE "users"."id" = $1 LIMIT $2[0m  [["id", 1], ["LIMIT", 1]]
  ↳ app/controllers/application_controller.rb:9:in `authenticate!'
  [1m[36mEvent Load (15.0ms)[0m  [1m[34mSELECT "events".* FROM "events" WHERE "events"."host_id" = $1[0m  [["host_id", 1]]
  ↳ app/controllers/api/v1/users_controller.rb:20:in `map'
  [1m[36mEvent Load (17.7ms)[0m  [1m[34mSELECT "events".* FROM "events" INNER JOIN "event_members" ON "events"."id" = "event_members"."event_id" WHERE "event_members"."user_id" = $1[0m  [["user_id", 1]]
  ↳ app/controllers/api/v1/users_controller.rb:21:in `map'
Completed 200 OK in 65ms (Views: 0.1ms | ActiveRecord: 36.1ms (3 queries, 0 cached) | GC: 9.7ms)


Started GET "/api/v1/users/me/events" for ::1 at 2026-05-06 11:32:09 +0800
Processing by Api::V1::UsersController#events as */*
  Parameters: {"user"=>{}}
  [1m[36mUser Load (0.3ms)[0m  [1m[34mSELECT "users".* FROM "users" WHERE "users"."id" = $1 LIMIT $2[0m  [["id", 1], ["LIMIT", 1]]
  ↳ app/controllers/application_controller.rb:9:in `authenticate!'
  [1m[36mEvent Load (0.5ms)[0m  [1m[34mSELECT "events".* FROM "events" WHERE "events"."host_id" = $1[0m  [["host_id", 1]]
  ↳ app/controllers/api/v1/users_controller.rb:20:in `map'
  [1m[36mEvent Load (0.3ms)[0m  [1m[34mSELECT "events".* FROM "events" INNER JOIN "event_members" ON "events"."id" = "event_members"."event_id" WHERE "event_members"."user_id" = $1[0m  [["user_id", 1]]
  ↳ app/controllers/api/v1/users_controller.rb:21:in `map'
Completed 200 OK in 4ms (Views: 0.1ms | ActiveRecord: 1.1ms (3 queries, 0 cached) | GC: 0.2ms)


Started GET "/api/v1/events" for ::1 at 2026-05-06 11:32:12 +0800
Processing by Api::V1::EventsController#index as */*
  Parameters: {"event"=>{}}
  [1m[36mEvent Load (0.3ms)[0m  [1m[34mSELECT "events".* FROM "events"[0m
  ↳ app/controllers/api/v1/events_controller.rb:14:in `map'
Completed 200 OK in 1ms (Views: 0.0ms | ActiveRecord: 0.3ms (1 query, 0 cached) | GC: 0.0ms)


Started GET "/api/v1/events" for ::1 at 2026-05-06 11:32:12 +0800
Processing by Api::V1::EventsController#index as */*
  Parameters: {"event"=>{}}
  [1m[36mEvent Load (0.3ms)[0m  [1m[34mSELECT "events".* FROM "events"[0m
  ↳ app/controllers/api/v1/events_controller.rb:14:in `map'
Completed 200 OK in 1ms (Views: 0.0ms | ActiveRecord: 0.3ms (1 query, 0 cached) | GC: 0.0ms)


Started GET "/api/v1/scripts" for ::1 at 2026-05-06 11:32:13 +0800
Processing by Api::V1::ScriptsController#index as */*
  Parameters: {"script"=>{}}
  [1m[36mScript Load (1.2ms)[0m  [1m[34mSELECT "scripts".* FROM "scripts"[0m
  ↳ app/controllers/api/v1/scripts_controller.rb:11:in `map'
Completed 200 OK in 2ms (Views: 0.1ms | ActiveRecord: 4.1ms (1 query, 0 cached) | GC: 0.0ms)


Started GET "/api/v1/scripts" for ::1 at 2026-05-06 11:32:13 +0800
Processing by Api::V1::ScriptsController#index as */*
  Parameters: {"script"=>{}}
  [1m[36mScript Load (0.3ms)[0m  [1m[34mSELECT "scripts".* FROM "scripts"[0m
  ↳ app/controllers/api/v1/scripts_controller.rb:11:in `map'
Completed 200 OK in 1ms (Views: 0.0ms | ActiveRecord: 0.3ms (1 query, 0 cached) | GC: 0.2ms)


Started GET "/api/v1/scripts?difficulty=easy" for ::1 at 2026-05-06 11:32:15 +0800
Processing by Api::V1::ScriptsController#index as */*
  Parameters: {"difficulty"=>"easy", "script"=>{}}
  [1m[36mScript Load (0.2ms)[0m  [1m[34mSELECT "scripts".* FROM "scripts" WHERE "scripts"."difficulty" = $1[0m  [["difficulty", 0]]
  ↳ app/controllers/api/v1/scripts_controller.rb:11:in `map'
Completed 200 OK in 2ms (Views: 0.1ms | ActiveRecord: 0.2ms (1 query, 0 cached) | GC: 0.0ms)


Started GET "/api/v1/scripts?difficulty=medium" for ::1 at 2026-05-06 11:32:15 +0800
Processing by Api::V1::ScriptsController#index as */*
  Parameters: {"difficulty"=>"medium", "script"=>{}}
  [1m[36mScript Load (0.2ms)[0m  [1m[34mSELECT "scripts".* FROM "scripts" WHERE "scripts"."difficulty" = $1[0m  [["difficulty", 1]]
  ↳ app/controllers/api/v1/scripts_controller.rb:11:in `map'
Completed 200 OK in 1ms (Views: 0.0ms | ActiveRecord: 0.2ms (1 query, 0 cached) | GC: 0.0ms)


Started GET "/api/v1/scripts?difficulty=hard" for ::1 at 2026-05-06 11:32:16 +0800
Processing by Api::V1::ScriptsController#index as */*
  Parameters: {"difficulty"=>"hard", "script"=>{}}
  [1m[36mScript Load (0.3ms)[0m  [1m[34mSELECT "scripts".* FROM "scripts" WHERE "scripts"."difficulty" = $1[0m  [["difficulty", 2]]
  ↳ app/controllers/api/v1/scripts_controller.rb:11:in `map'
Completed 200 OK in 1ms (Views: 0.0ms | ActiveRecord: 0.3ms (1 query, 0 cached) | GC: 0.0ms)


Started GET "/api/v1/users/me/events" for ::1 at 2026-05-06 11:32:17 +0800
Processing by Api::V1::UsersController#events as */*
  Parameters: {"user"=>{}}
  [1m[36mUser Load (0.3ms)[0m  [1m[34mSELECT "users".* FROM "users" WHERE "users"."id" = $1 LIMIT $2[0m  [["id", 1], ["LIMIT", 1]]
  ↳ app/controllers/application_controller.rb:9:in `authenticate!'
  [1m[36mEvent Load (0.1ms)[0m  [1m[34mSELECT "events".* FROM "events" WHERE "events"."host_id" = $1[0m  [["host_id", 1]]
  ↳ app/controllers/api/v1/users_controller.rb:20:in `map'
  [1m[36mEvent Load (0.2ms)[0m  [1m[34mSELECT "events".* FROM "events" INNER JOIN "event_members" ON "events"."id" = "event_members"."event_id" WHERE "event_members"."user_id" = $1[0m  [["user_id", 1]]
  ↳ app/controllers/api/v1/users_controller.rb:21:in `map'
Completed 200 OK in 3ms (Views: 0.1ms | ActiveRecord: 0.6ms (3 queries, 0 cached) | GC: 0.0ms)


Started GET "/api/v1/users/me/events" for ::1 at 2026-05-06 11:32:17 +0800
Processing by Api::V1::UsersController#events as */*
  Parameters: {"user"=>{}}
  [1m[36mUser Load (0.2ms)[0m  [1m[34mSELECT "users".* FROM "users" WHERE "users"."id" = $1 LIMIT $2[0m  [["id", 1], ["LIMIT", 1]]
  ↳ app/controllers/application_controller.rb:9:in `authenticate!'
  [1m[36mEvent Load (0.1ms)[0m  [1m[34mSELECT "events".* FROM "events" WHERE "events"."host_id" = $1[0m  [["host_id", 1]]
  ↳ app/controllers/api/v1/users_controller.rb:20:in `map'
  [1m[36mEvent Load (0.2ms)[0m  [1m[34mSELECT "events".* FROM "events" INNER JOIN "event_members" ON "events"."id" = "event_members"."event_id" WHERE "event_members"."user_id" = $1[0m  [["user_id", 1]]
  ↳ app/controllers/api/v1/users_controller.rb:21:in `map'
Completed 200 OK in 3ms (Views: 0.1ms | ActiveRecord: 0.5ms (3 queries, 0 cached) | GC: 0.0ms)


Started GET "/api/v1/scripts" for ::1 at 2026-05-06 11:32:55 +0800
Processing by Api::V1::ScriptsController#index as */*
  Parameters: {"script"=>{}}
  [1m[36mScript Load (1.4ms)[0m  [1m[34mSELECT "scripts".* FROM "scripts"[0m
  ↳ app/controllers/api/v1/scripts_controller.rb:11:in `map'
Completed 200 OK in 2ms (Views: 0.1ms | ActiveRecord: 1.4ms (1 query, 0 cached) | GC: 0.0ms)


Started GET "/api/v1/scripts" for ::1 at 2026-05-06 11:32:55 +0800
Processing by Api::V1::ScriptsController#index as */*
  Parameters: {"script"=>{}}
  [1m[36mScript Load (0.6ms)[0m  [1m[34mSELECT "scripts".* FROM "scripts"[0m
  ↳ app/controllers/api/v1/scripts_controller.rb:11:in `map'
Completed 200 OK in 1ms (Views: 0.0ms | ActiveRecord: 0.6ms (1 query, 0 cached) | GC: 0.0ms)


Started GET "/api/v1/scripts" for ::1 at 2026-05-06 11:33:00 +0800
Processing by Api::V1::ScriptsController#index as */*
  Parameters: {"script"=>{}}
  [1m[36mScript Load (0.5ms)[0m  [1m[34mSELECT "scripts".* FROM "scripts"[0m
  ↳ app/controllers/api/v1/scripts_controller.rb:11:in `map'
Completed 200 OK in 2ms (Views: 0.1ms | ActiveRecord: 0.5ms (1 query, 0 cached) | GC: 0.6ms)


Started GET "/api/v1/scripts" for ::1 at 2026-05-06 11:33:00 +0800
Processing by Api::V1::ScriptsController#index as */*
  Parameters: {"script"=>{}}
  [1m[36mScript Load (0.2ms)[0m  [1m[34mSELECT "scripts".* FROM "scripts"[0m
  ↳ app/controllers/api/v1/scripts_controller.rb:11:in `map'
Completed 200 OK in 1ms (Views: 0.0ms | ActiveRecord: 0.2ms (1 query, 0 cached) | GC: 0.0ms)


Started GET "/api/v1/scripts" for ::1 at 2026-05-06 11:33:06 +0800
Processing by Api::V1::ScriptsController#index as */*
  Parameters: {"script"=>{}}
  [1m[36mScript Load (0.2ms)[0m  [1m[34mSELECT "scripts".* FROM "scripts"[0m
  ↳ app/controllers/api/v1/scripts_controller.rb:11:in `map'
Completed 200 OK in 1ms (Views: 0.0ms | ActiveRecord: 0.2ms (1 query, 0 cached) | GC: 0.0ms)


Started GET "/api/v1/scripts" for ::1 at 2026-05-06 11:33:06 +0800
Processing by Api::V1::ScriptsController#index as */*
  Parameters: {"script"=>{}}
  [1m[36mScript Load (0.2ms)[0m  [1m[34mSELECT "scripts".* FROM "scripts"[0m
  ↳ app/controllers/api/v1/scripts_controller.rb:11:in `map'
Completed 200 OK in 1ms (Views: 0.0ms | ActiveRecord: 0.2ms (1 query, 0 cached) | GC: 0.0ms)


Started GET "/api/v1/events" for ::1 at 2026-05-06 11:33:08 +0800
Processing by Api::V1::EventsController#index as */*
  Parameters: {"event"=>{}}
  [1m[36mEvent Load (0.4ms)[0m  [1m[34mSELECT "events".* FROM "events"[0m
  ↳ app/controllers/api/v1/events_controller.rb:14:in `map'
Completed 200 OK in 1ms (Views: 0.0ms | ActiveRecord: 0.4ms (1 query, 0 cached) | GC: 0.0ms)


Started GET "/api/v1/events" for ::1 at 2026-05-06 11:33:08 +0800
Processing by Api::V1::EventsController#index as */*
  Parameters: {"event"=>{}}
  [1m[36mEvent Load (0.3ms)[0m  [1m[34mSELECT "events".* FROM "events"[0m
  ↳ app/controllers/api/v1/events_controller.rb:14:in `map'
Completed 200 OK in 1ms (Views: 0.0ms | ActiveRecord: 0.2ms (1 query, 0 cached) | GC: 0.0ms)


Started GET "/api/v1/scripts" for ::1 at 2026-05-06 11:33:08 +0800
Processing by Api::V1::ScriptsController#index as */*
  Parameters: {"script"=>{}}
  [1m[36mScript Load (0.2ms)[0m  [1m[34mSELECT "scripts".* FROM "scripts"[0m
  ↳ app/controllers/api/v1/scripts_controller.rb:11:in `map'
Completed 200 OK in 1ms (Views: 0.0ms | ActiveRecord: 0.2ms (1 query, 0 cached) | GC: 0.0ms)


Started GET "/api/v1/scripts" for ::1 at 2026-05-06 11:33:08 +0800
Processing by Api::V1::ScriptsController#index as */*
  Parameters: {"script"=>{}}
  [1m[36mScript Load (0.3ms)[0m  [1m[34mSELECT "scripts".* FROM "scripts"[0m
  ↳ app/controllers/api/v1/scripts_controller.rb:11:in `map'
Completed 200 OK in 1ms (Views: 0.0ms | ActiveRecord: 0.3ms (1 query, 0 cached) | GC: 0.3ms)


Started GET "/api/v1/events" for ::1 at 2026-05-06 11:33:09 +0800
Processing by Api::V1::EventsController#index as */*
  Parameters: {"event"=>{}}
  [1m[36mEvent Load (0.4ms)[0m  [1m[34mSELECT "events".* FROM "events"[0m
  ↳ app/controllers/api/v1/events_controller.rb:14:in `map'
Completed 200 OK in 1ms (Views: 0.0ms | ActiveRecord: 0.3ms (1 query, 0 cached) | GC: 0.0ms)


Started GET "/api/v1/events" for ::1 at 2026-05-06 11:33:09 +0800
Processing by Api::V1::EventsController#index as */*
  Parameters: {"event"=>{}}
  [1m[36mEvent Load (0.3ms)[0m  [1m[34mSELECT "events".* FROM "events"[0m
  ↳ app/controllers/api/v1/events_controller.rb:14:in `map'
Completed 200 OK in 1ms (Views: 0.1ms | ActiveRecord: 0.3ms (1 query, 0 cached) | GC: 0.0ms)


Started GET "/api/v1/users/me/events" for ::1 at 2026-05-06 11:33:10 +0800
Processing by Api::V1::UsersController#events as */*
  Parameters: {"user"=>{}}
  [1m[36mUser Load (0.5ms)[0m  [1m[34mSELECT "users".* FROM "users" WHERE "users"."id" = $1 LIMIT $2[0m  [["id", 1], ["LIMIT", 1]]
  ↳ app/controllers/application_controller.rb:9:in `authenticate!'
  [1m[36mEvent Load (0.2ms)[0m  [1m[34mSELECT "events".* FROM "events" WHERE "events"."host_id" = $1[0m  [["host_id", 1]]
  ↳ app/controllers/api/v1/users_controller.rb:20:in `map'
  [1m[36mEvent Load (0.6ms)[0m  [1m[34mSELECT "events".* FROM "events" INNER JOIN "event_members" ON "events"."id" = "event_members"."event_id" WHERE "event_members"."user_id" = $1[0m  [["user_id", 1]]
  ↳ app/controllers/api/v1/users_controller.rb:21:in `map'
Completed 200 OK in 3ms (Views: 0.1ms | ActiveRecord: 1.2ms (3 queries, 0 cached) | GC: 0.0ms)


Started GET "/api/v1/users/me/events" for ::1 at 2026-05-06 11:33:10 +0800
Processing by Api::V1::UsersController#events as */*
  Parameters: {"user"=>{}}
  [1m[36mUser Load (0.3ms)[0m  [1m[34mSELECT "users".* FROM "users" WHERE "users"."id" = $1 LIMIT $2[0m  [["id", 1], ["LIMIT", 1]]
  ↳ app/controllers/application_controller.rb:9:in `authenticate!'
  [1m[36mEvent Load (0.2ms)[0m  [1m[34mSELECT "events".* FROM "events" WHERE "events"."host_id" = $1[0m  [["host_id", 1]]
  ↳ app/controllers/api/v1/users_controller.rb:20:in `map'
  [1m[36mEvent Load (0.3ms)[0m  [1m[34mSELECT "events".* FROM "events" INNER JOIN "event_members" ON "events"."id" = "event_members"."event_id" WHERE "event_members"."user_id" = $1[0m  [["user_id", 1]]
  ↳ app/controllers/api/v1/users_controller.rb:21:in `map'
Completed 200 OK in 2ms (Views: 0.0ms | ActiveRecord: 0.7ms (3 queries, 0 cached) | GC: 0.0ms)


Started GET "/api/v1/scripts" for ::1 at 2026-05-06 11:33:20 +0800
Processing by Api::V1::ScriptsController#index as */*
  Parameters: {"script"=>{}}
  [1m[36mScript Load (0.4ms)[0m  [1m[34mSELECT "scripts".* FROM "scripts"[0m
  ↳ app/controllers/api/v1/scripts_controller.rb:11:in `map'
Completed 200 OK in 1ms (Views: 0.0ms | ActiveRecord: 0.4ms (1 query, 0 cached) | GC: 0.0ms)


Started GET "/api/v1/scripts" for ::1 at 2026-05-06 11:33:20 +0800
Processing by Api::V1::ScriptsController#index as */*
  Parameters: {"script"=>{}}
  [1m[36mScript Load (0.2ms)[0m  [1m[34mSELECT "scripts".* FROM "scripts"[0m
  ↳ app/controllers/api/v1/scripts_controller.rb:11:in `map'
Completed 200 OK in 1ms (Views: 0.0ms | ActiveRecord: 0.2ms (1 query, 0 cached) | GC: 0.0ms)


Started GET "/api/v1/scripts" for ::1 at 2026-05-06 11:35:25 +0800
Processing by Api::V1::ScriptsController#index as */*
  Parameters: {"script"=>{}}
  [1m[36mScript Load (0.6ms)[0m  [1m[34mSELECT "scripts".* FROM "scripts"[0m
  ↳ app/controllers/api/v1/scripts_controller.rb:11:in `map'
Completed 200 OK in 4ms (Views: 0.3ms | ActiveRecord: 0.6ms (1 query, 0 cached) | GC: 0.0ms)


Started GET "/api/v1/scripts" for ::1 at 2026-05-06 11:35:25 +0800
Processing by Api::V1::ScriptsController#index as */*
  Parameters: {"script"=>{}}
  [1m[36mScript Load (0.2ms)[0m  [1m[34mSELECT "scripts".* FROM "scripts"[0m
  ↳ app/controllers/api/v1/scripts_controller.rb:11:in `map'
Completed 200 OK in 1ms (Views: 0.0ms | ActiveRecord: 0.2ms (1 query, 0 cached) | GC: 0.0ms)


Started GET "/api/v1/users/me/events" for ::1 at 2026-05-06 11:36:14 +0800
Processing by Api::V1::UsersController#events as */*
  Parameters: {"user"=>{}}
  [1m[36mUser Load (1.4ms)[0m  [1m[34mSELECT "users".* FROM "users" WHERE "users"."id" = $1 LIMIT $2[0m  [["id", 1], ["LIMIT", 1]]
  ↳ app/controllers/application_controller.rb:9:in `authenticate!'
  [1m[36mEvent Load (0.3ms)[0m  [1m[34mSELECT "events".* FROM "events" WHERE "events"."host_id" = $1[0m  [["host_id", 1]]
  ↳ app/controllers/api/v1/users_controller.rb:20:in `map'
  [1m[36mEvent Load (0.4ms)[0m  [1m[34mSELECT "events".* FROM "events" INNER JOIN "event_members" ON "events"."id" = "event_members"."event_id" WHERE "event_members"."user_id" = $1[0m  [["user_id", 1]]
  ↳ app/controllers/api/v1/users_controller.rb:21:in `map'
Completed 200 OK in 12ms (Views: 0.3ms | ActiveRecord: 2.0ms (3 queries, 0 cached) | GC: 0.0ms)


Started GET "/api/v1/users/me/events" for ::1 at 2026-05-06 11:36:14 +0800
Processing by Api::V1::UsersController#events as */*
  Parameters: {"user"=>{}}
  [1m[36mUser Load (0.2ms)[0m  [1m[34mSELECT "users".* FROM "users" WHERE "users"."id" = $1 LIMIT $2[0m  [["id", 1], ["LIMIT", 1]]
  ↳ app/controllers/application_controller.rb:9:in `authenticate!'
  [1m[36mEvent Load (0.1ms)[0m  [1m[34mSELECT "events".* FROM "events" WHERE "events"."host_id" = $1[0m  [["host_id", 1]]
  ↳ app/controllers/api/v1/users_controller.rb:20:in `map'
  [1m[36mEvent Load (0.1ms)[0m  [1m[34mSELECT "events".* FROM "events" INNER JOIN "event_members" ON "events"."id" = "event_members"."event_id" WHERE "event_members"."user_id" = $1[0m  [["user_id", 1]]
  ↳ app/controllers/api/v1/users_controller.rb:21:in `map'
Completed 200 OK in 2ms (Views: 0.0ms | ActiveRecord: 0.3ms (3 queries, 0 cached) | GC: 0.0ms)


Started GET "/api/v1/scripts" for ::1 at 2026-05-06 11:36:17 +0800
Processing by Api::V1::ScriptsController#index as */*
  Parameters: {"script"=>{}}
  [1m[36mScript Load (0.3ms)[0m  [1m[34mSELECT "scripts".* FROM "scripts"[0m
  ↳ app/controllers/api/v1/scripts_controller.rb:11:in `map'
Completed 200 OK in 1ms (Views: 0.1ms | ActiveRecord: 0.3ms (1 query, 0 cached) | GC: 0.0ms)


Started GET "/api/v1/scripts" for ::1 at 2026-05-06 11:36:17 +0800
Processing by Api::V1::ScriptsController#index as */*
  Parameters: {"script"=>{}}
  [1m[36mScript Load (0.5ms)[0m  [1m[34mSELECT "scripts".* FROM "scripts"[0m
  ↳ app/controllers/api/v1/scripts_controller.rb:11:in `map'
Completed 200 OK in 1ms (Views: 0.0ms | ActiveRecord: 0.5ms (1 query, 0 cached) | GC: 0.1ms)


Started GET "/api/v1/scripts" for ::1 at 2026-05-06 11:37:22 +0800
Processing by Api::V1::ScriptsController#index as */*
  Parameters: {"script"=>{}}
  [1m[36mScript Load (5.6ms)[0m  [1m[34mSELECT "scripts".* FROM "scripts"[0m
  ↳ app/controllers/api/v1/scripts_controller.rb:11:in `map'
Completed 200 OK in 10ms (Views: 0.2ms | ActiveRecord: 5.6ms (1 query, 0 cached) | GC: 0.0ms)


Started GET "/api/v1/scripts" for ::1 at 2026-05-06 11:37:22 +0800
Processing by Api::V1::ScriptsController#index as */*
  Parameters: {"script"=>{}}
  [1m[36mScript Load (0.4ms)[0m  [1m[34mSELECT "scripts".* FROM "scripts"[0m
  ↳ app/controllers/api/v1/scripts_controller.rb:11:in `map'
Completed 200 OK in 1ms (Views: 0.1ms | ActiveRecord: 0.4ms (1 query, 0 cached) | GC: 0.0ms)


Started GET "/api/v1/users/me/events" for ::1 at 2026-05-06 11:37:25 +0800
Processing by Api::V1::UsersController#events as */*
  Parameters: {"user"=>{}}
  [1m[36mUser Load (0.6ms)[0m  [1m[34mSELECT "users".* FROM "users" WHERE "users"."id" = $1 LIMIT $2[0m  [["id", 1], ["LIMIT", 1]]
  ↳ app/controllers/application_controller.rb:9:in `authenticate!'
  [1m[36mEvent Load (1.2ms)[0m  [1m[34mSELECT "events".* FROM "events" WHERE "events"."host_id" = $1[0m  [["host_id", 1]]
  ↳ app/controllers/api/v1/users_controller.rb:20:in `map'
  [1m[36mEvent Load (0.2ms)[0m  [1m[34mSELECT "events".* FROM "events" INNER JOIN "event_members" ON "events"."id" = "event_members"."event_id" WHERE "event_members"."user_id" = $1[0m  [["user_id", 1]]
  ↳ app/controllers/api/v1/users_controller.rb:21:in `map'
Completed 200 OK in 5ms (Views: 0.1ms | ActiveRecord: 2.0ms (3 queries, 0 cached) | GC: 0.0ms)


Started GET "/api/v1/users/me/events" for ::1 at 2026-05-06 11:37:25 +0800
Processing by Api::V1::UsersController#events as */*
  Parameters: {"user"=>{}}
  [1m[36mUser Load (0.2ms)[0m  [1m[34mSELECT "users".* FROM "users" WHERE "users"."id" = $1 LIMIT $2[0m  [["id", 1], ["LIMIT", 1]]
  ↳ app/controllers/application_controller.rb:9:in `authenticate!'
  [1m[36mEvent Load (0.1ms)[0m  [1m[34mSELECT "events".* FROM "events" WHERE "events"."host_id" = $1[0m  [["host_id", 1]]
  ↳ app/controllers/api/v1/users_controller.rb:20:in `map'
  [1m[36mEvent Load (0.1ms)[0m  [1m[34mSELECT "events".* FROM "events" INNER JOIN "event_members" ON "events"."id" = "event_members"."event_id" WHERE "event_members"."user_id" = $1[0m  [["user_id", 1]]
  ↳ app/controllers/api/v1/users_controller.rb:21:in `map'
Completed 200 OK in 2ms (Views: 0.1ms | ActiveRecord: 0.4ms (3 queries, 0 cached) | GC: 0.0ms)


Started DELETE "/api/v1/auth/logout" for ::1 at 2026-05-06 11:37:27 +0800
Processing by Api::V1::AuthController#logout as */*
  Parameters: {"auth"=>{}}
  [1m[36mUser Load (0.2ms)[0m  [1m[34mSELECT "users".* FROM "users" WHERE "users"."id" = $1 LIMIT $2[0m  [["id", 1], ["LIMIT", 1]]
  ↳ app/controllers/application_controller.rb:9:in `authenticate!'
Completed 200 OK in 1ms (Views: 0.0ms | ActiveRecord: 0.1ms (1 query, 0 cached) | GC: 0.0ms)


Started GET "/api/v1/events" for ::1 at 2026-05-06 11:37:32 +0800
Processing by Api::V1::EventsController#index as */*
  Parameters: {"event"=>{}}
  [1m[36mEvent Load (0.4ms)[0m  [1m[34mSELECT "events".* FROM "events"[0m
  ↳ app/controllers/api/v1/events_controller.rb:14:in `map'
Completed 200 OK in 1ms (Views: 0.0ms | ActiveRecord: 0.4ms (1 query, 0 cached) | GC: 0.0ms)


Started GET "/api/v1/events" for ::1 at 2026-05-06 11:37:32 +0800
Processing by Api::V1::EventsController#index as */*
  Parameters: {"event"=>{}}
  [1m[36mEvent Load (0.2ms)[0m  [1m[34mSELECT "events".* FROM "events"[0m
  ↳ app/controllers/api/v1/events_controller.rb:14:in `map'
Completed 200 OK in 1ms (Views: 0.0ms | ActiveRecord: 0.2ms (1 query, 0 cached) | GC: 0.3ms)


Started GET "/api/v1/events" for ::1 at 2026-05-06 11:38:26 +0800
Processing by Api::V1::EventsController#index as */*
  Parameters: {"event"=>{}}
  [1m[36mEvent Load (0.8ms)[0m  [1m[34mSELECT "events".* FROM "events"[0m
  ↳ app/controllers/api/v1/events_controller.rb:14:in `map'
Completed 200 OK in 3ms (Views: 0.1ms | ActiveRecord: 0.8ms (1 query, 0 cached) | GC: 0.0ms)


Started GET "/api/v1/events" for ::1 at 2026-05-06 11:38:26 +0800
Processing by Api::V1::EventsController#index as */*
  Parameters: {"event"=>{}}
  [1m[36mEvent Load (0.2ms)[0m  [1m[34mSELECT "events".* FROM "events"[0m
  ↳ app/controllers/api/v1/events_controller.rb:14:in `map'
Completed 200 OK in 1ms (Views: 0.0ms | ActiveRecord: 0.2ms (1 query, 0 cached) | GC: 0.4ms)


Started GET "/api/v1/events?status=recruiting" for ::1 at 2026-05-06 11:38:39 +0800
Processing by Api::V1::EventsController#index as */*
  Parameters: {"status"=>"recruiting", "event"=>{}}
  [1m[36mEvent Load (1.1ms)[0m  [1m[34mSELECT "events".* FROM "events" WHERE "events"."status" = $1[0m  [["status", 0]]
  ↳ app/controllers/api/v1/events_controller.rb:14:in `map'
Completed 200 OK in 33ms (Views: 0.1ms | ActiveRecord: 1.1ms (1 query, 0 cached) | GC: 0.0ms)


Started GET "/api/v1/events?status=full" for ::1 at 2026-05-06 11:38:39 +0800
Processing by Api::V1::EventsController#index as */*
  Parameters: {"status"=>"full", "event"=>{}}
  [1m[36mEvent Load (0.2ms)[0m  [1m[34mSELECT "events".* FROM "events" WHERE "events"."status" = $1[0m  [["status", 1]]
  ↳ app/controllers/api/v1/events_controller.rb:14:in `map'
Completed 200 OK in 1ms (Views: 0.0ms | ActiveRecord: 0.2ms (1 query, 0 cached) | GC: 0.2ms)


Started POST "/api/v1/auth/login" for ::1 at 2026-05-06 11:39:41 +0800
Processing by Api::V1::AuthController#login as */*
  Parameters: {"email"=>"[FILTERED]", "password"=>"[FILTERED]", "auth"=>{"email"=>"[FILTERED]", "password"=>"[FILTERED]"}}
  [1m[36mUser Load (0.3ms)[0m  [1m[34mSELECT "users".* FROM "users" WHERE "users"."email" = $1 LIMIT $2[0m  [["email", "[FILTERED]"], ["LIMIT", 1]]
  ↳ app/controllers/api/v1/auth_controller.rb:17:in `login'
Completed 200 OK in 196ms (Views: 0.2ms | ActiveRecord: 0.3ms (1 query, 0 cached) | GC: 0.0ms)


Started GET "/api/v1/events" for ::1 at 2026-05-06 11:39:42 +0800
Processing by Api::V1::EventsController#index as */*
  Parameters: {"event"=>{}}
  [1m[36mEvent Load (2.7ms)[0m  [1m[34mSELECT "events".* FROM "events"[0m
  ↳ app/controllers/api/v1/events_controller.rb:14:in `map'
Completed 200 OK in 4ms (Views: 0.1ms | ActiveRecord: 2.7ms (1 query, 0 cached) | GC: 0.1ms)


Started GET "/api/v1/events" for ::1 at 2026-05-06 11:39:42 +0800
Processing by Api::V1::EventsController#index as */*
  Parameters: {"event"=>{}}
  [1m[36mEvent Load (0.2ms)[0m  [1m[34mSELECT "events".* FROM "events"[0m
  ↳ app/controllers/api/v1/events_controller.rb:14:in `map'
Completed 200 OK in 1ms (Views: 0.0ms | ActiveRecord: 0.2ms (1 query, 0 cached) | GC: 0.0ms)


Started GET "/api/v1/users/me/events" for ::1 at 2026-05-06 11:39:44 +0800
Processing by Api::V1::UsersController#events as */*
  Parameters: {"user"=>{}}
  [1m[36mUser Load (0.2ms)[0m  [1m[34mSELECT "users".* FROM "users" WHERE "users"."id" = $1 LIMIT $2[0m  [["id", 1], ["LIMIT", 1]]
  ↳ app/controllers/application_controller.rb:9:in `authenticate!'
  [1m[36mEvent Load (0.1ms)[0m  [1m[34mSELECT "events".* FROM "events" WHERE "events"."host_id" = $1[0m  [["host_id", 1]]
  ↳ app/controllers/api/v1/users_controller.rb:20:in `map'
  [1m[36mEvent Load (0.2ms)[0m  [1m[34mSELECT "events".* FROM "events" INNER JOIN "event_members" ON "events"."id" = "event_members"."event_id" WHERE "event_members"."user_id" = $1[0m  [["user_id", 1]]
  ↳ app/controllers/api/v1/users_controller.rb:21:in `map'
Completed 200 OK in 3ms (Views: 0.1ms | ActiveRecord: 0.5ms (3 queries, 0 cached) | GC: 0.0ms)


Started GET "/api/v1/users/me/events" for ::1 at 2026-05-06 11:39:44 +0800
Processing by Api::V1::UsersController#events as */*
  Parameters: {"user"=>{}}
  [1m[36mUser Load (0.2ms)[0m  [1m[34mSELECT "users".* FROM "users" WHERE "users"."id" = $1 LIMIT $2[0m  [["id", 1], ["LIMIT", 1]]
  ↳ app/controllers/application_controller.rb:9:in `authenticate!'
  [1m[36mEvent Load (0.1ms)[0m  [1m[34mSELECT "events".* FROM "events" WHERE "events"."host_id" = $1[0m  [["host_id", 1]]
  ↳ app/controllers/api/v1/users_controller.rb:20:in `map'
  [1m[36mEvent Load (0.1ms)[0m  [1m[34mSELECT "events".* FROM "events" INNER JOIN "event_members" ON "events"."id" = "event_members"."event_id" WHERE "event_members"."user_id" = $1[0m  [["user_id", 1]]
  ↳ app/controllers/api/v1/users_controller.rb:21:in `map'
Completed 200 OK in 2ms (Views: 0.1ms | ActiveRecord: 0.4ms (3 queries, 0 cached) | GC: 0.0ms)


Started GET "/api/v1/events" for ::1 at 2026-05-06 11:39:52 +0800
Processing by Api::V1::EventsController#index as */*
  Parameters: {"event"=>{}}
  [1m[36mEvent Load (1.0ms)[0m  [1m[34mSELECT "events".* FROM "events"[0m
  ↳ app/controllers/api/v1/events_controller.rb:14:in `map'
Completed 200 OK in 2ms (Views: 0.0ms | ActiveRecord: 0.9ms (1 query, 0 cached) | GC: 0.0ms)


Started GET "/api/v1/events" for ::1 at 2026-05-06 11:39:52 +0800
Processing by Api::V1::EventsController#index as */*
  Parameters: {"event"=>{}}
  [1m[36mEvent Load (0.3ms)[0m  [1m[34mSELECT "events".* FROM "events"[0m
  ↳ app/controllers/api/v1/events_controller.rb:14:in `map'
Completed 200 OK in 17ms (Views: 0.1ms | ActiveRecord: 0.3ms (1 query, 0 cached) | GC: 6.2ms)


Started GET "/api/v1/scripts" for ::1 at 2026-05-06 11:39:53 +0800
Processing by Api::V1::ScriptsController#index as */*
  Parameters: {"script"=>{}}
  [1m[36mScript Load (0.3ms)[0m  [1m[34mSELECT "scripts".* FROM "scripts"[0m
  ↳ app/controllers/api/v1/scripts_controller.rb:11:in `map'
Completed 200 OK in 1ms (Views: 0.1ms | ActiveRecord: 0.3ms (1 query, 0 cached) | GC: 0.0ms)


Started GET "/api/v1/scripts" for ::1 at 2026-05-06 11:39:53 +0800
Processing by Api::V1::ScriptsController#index as */*
  Parameters: {"script"=>{}}
  [1m[36mScript Load (0.3ms)[0m  [1m[34mSELECT "scripts".* FROM "scripts"[0m
  ↳ app/controllers/api/v1/scripts_controller.rb:11:in `map'
Completed 200 OK in 1ms (Views: 0.0ms | ActiveRecord: 0.3ms (1 query, 0 cached) | GC: 0.0ms)


Started GET "/api/v1/scripts" for ::1 at 2026-05-06 11:45:42 +0800
Processing by Api::V1::ScriptsController#index as */*
  Parameters: {"script"=>{}}
  [1m[36mScript Load (0.6ms)[0m  [1m[34mSELECT "scripts".* FROM "scripts"[0m
  ↳ app/controllers/api/v1/scripts_controller.rb:11:in `map'
Completed 200 OK in 2ms (Views: 0.1ms | ActiveRecord: 0.6ms (1 query, 0 cached) | GC: 0.0ms)


Started GET "/api/v1/scripts" for ::1 at 2026-05-06 11:45:42 +0800
Processing by Api::V1::ScriptsController#index as */*
  Parameters: {"script"=>{}}
  [1m[36mScript Load (0.2ms)[0m  [1m[34mSELECT "scripts".* FROM "scripts"[0m
  ↳ app/controllers/api/v1/scripts_controller.rb:11:in `map'
Completed 200 OK in 1ms (Views: 0.0ms | ActiveRecord: 0.2ms (1 query, 0 cached) | GC: 0.0ms)


Started GET "/api/v1/scripts" for ::1 at 2026-05-06 11:47:36 +0800
Processing by Api::V1::ScriptsController#index as */*
  Parameters: {"script"=>{}}
  [1m[36mScript Load (9.3ms)[0m  [1m[34mSELECT "scripts".* FROM "scripts"[0m
  ↳ app/controllers/api/v1/scripts_controller.rb:11:in `map'
Completed 200 OK in 11ms (Views: 0.2ms | ActiveRecord: 9.3ms (1 query, 0 cached) | GC: 0.0ms)


Started GET "/api/v1/scripts" for ::1 at 2026-05-06 11:47:36 +0800
Processing by Api::V1::ScriptsController#index as */*
  Parameters: {"script"=>{}}
  [1m[36mScript Load (0.2ms)[0m  [1m[34mSELECT "scripts".* FROM "scripts"[0m
  ↳ app/controllers/api/v1/scripts_controller.rb:11:in `map'
Completed 200 OK in 1ms (Views: 0.0ms | ActiveRecord: 0.2ms (1 query, 0 cached) | GC: 0.0ms)


Started GET "/api/v1/users/me/events" for ::1 at 2026-05-06 11:48:29 +0800
Processing by Api::V1::UsersController#events as */*
  Parameters: {"user"=>{}}
  [1m[36mUser Load (0.5ms)[0m  [1m[34mSELECT "users".* FROM "users" WHERE "users"."id" = $1 LIMIT $2[0m  [["id", 1], ["LIMIT", 1]]
  ↳ app/controllers/application_controller.rb:9:in `authenticate!'
  [1m[36mEvent Load (0.2ms)[0m  [1m[34mSELECT "events".* FROM "events" WHERE "events"."host_id" = $1[0m  [["host_id", 1]]
  ↳ app/controllers/api/v1/users_controller.rb:20:in `map'
  [1m[36mEvent Load (0.3ms)[0m  [1m[34mSELECT "events".* FROM "events" INNER JOIN "event_members" ON "events"."id" = "event_members"."event_id" WHERE "event_members"."user_id" = $1[0m  [["user_id", 1]]
  ↳ app/controllers/api/v1/users_controller.rb:21:in `map'
Completed 200 OK in 6ms (Views: 0.2ms | ActiveRecord: 0.9ms (3 queries, 0 cached) | GC: 0.0ms)


Started GET "/api/v1/users/me/events" for ::1 at 2026-05-06 11:48:29 +0800
Processing by Api::V1::UsersController#events as */*
  Parameters: {"user"=>{}}
  [1m[36mUser Load (0.2ms)[0m  [1m[34mSELECT "users".* FROM "users" WHERE "users"."id" = $1 LIMIT $2[0m  [["id", 1], ["LIMIT", 1]]
  ↳ app/controllers/application_controller.rb:9:in `authenticate!'
  [1m[36mEvent Load (0.1ms)[0m  [1m[34mSELECT "events".* FROM "events" WHERE "events"."host_id" = $1[0m  [["host_id", 1]]
  ↳ app/controllers/api/v1/users_controller.rb:20:in `map'
  [1m[36mEvent Load (0.1ms)[0m  [1m[34mSELECT "events".* FROM "events" INNER JOIN "event_members" ON "events"."id" = "event_members"."event_id" WHERE "event_members"."user_id" = $1[0m  [["user_id", 1]]
  ↳ app/controllers/api/v1/users_controller.rb:21:in `map'
Completed 200 OK in 2ms (Views: 0.1ms | ActiveRecord: 0.3ms (3 queries, 0 cached) | GC: 0.3ms)


Started GET "/api/v1/scripts" for ::1 at 2026-05-06 11:48:31 +0800
Processing by Api::V1::ScriptsController#index as */*
  Parameters: {"script"=>{}}
  [1m[36mScript Load (0.7ms)[0m  [1m[34mSELECT "scripts".* FROM "scripts"[0m
  ↳ app/controllers/api/v1/scripts_controller.rb:11:in `map'
Completed 200 OK in 1ms (Views: 0.1ms | ActiveRecord: 0.7ms (1 query, 0 cached) | GC: 0.0ms)


Started GET "/api/v1/scripts" for ::1 at 2026-05-06 11:48:31 +0800
Processing by Api::V1::ScriptsController#index as */*
  Parameters: {"script"=>{}}
  [1m[36mScript Load (0.2ms)[0m  [1m[34mSELECT "scripts".* FROM "scripts"[0m
  ↳ app/controllers/api/v1/scripts_controller.rb:11:in `map'
Completed 200 OK in 1ms (Views: 0.0ms | ActiveRecord: 0.2ms (1 query, 0 cached) | GC: 0.0ms)


Started GET "/api/v1/scripts" for ::1 at 2026-05-06 11:49:25 +0800
Processing by Api::V1::ScriptsController#index as */*
  Parameters: {"script"=>{}}
  [1m[36mScript Load (1.4ms)[0m  [1m[34mSELECT "scripts".* FROM "scripts"[0m
  ↳ app/controllers/api/v1/scripts_controller.rb:11:in `map'
Completed 200 OK in 3ms (Views: 0.1ms | ActiveRecord: 1.4ms (1 query, 0 cached) | GC: 0.0ms)


Started GET "/api/v1/scripts" for ::1 at 2026-05-06 11:49:25 +0800
Processing by Api::V1::ScriptsController#index as */*
  Parameters: {"script"=>{}}
  [1m[36mScript Load (0.2ms)[0m  [1m[34mSELECT "scripts".* FROM "scripts"[0m
  ↳ app/controllers/api/v1/scripts_controller.rb:11:in `map'
Completed 200 OK in 1ms (Views: 0.0ms | ActiveRecord: 0.2ms (1 query, 0 cached) | GC: 0.0ms)


Started GET "/api/v1/events" for ::1 at 2026-05-06 11:49:26 +0800
Processing by Api::V1::EventsController#index as */*
  Parameters: {"event"=>{}}
  [1m[36mEvent Load (11.2ms)[0m  [1m[34mSELECT "events".* FROM "events"[0m
  ↳ app/controllers/api/v1/events_controller.rb:14:in `map'
Completed 200 OK in 12ms (Views: 0.1ms | ActiveRecord: 11.2ms (1 query, 0 cached) | GC: 0.0ms)


Started GET "/api/v1/events" for ::1 at 2026-05-06 11:49:26 +0800
Processing by Api::V1::EventsController#index as */*
  Parameters: {"event"=>{}}
  [1m[36mEvent Load (0.2ms)[0m  [1m[34mSELECT "events".* FROM "events"[0m
  ↳ app/controllers/api/v1/events_controller.rb:14:in `map'
Completed 200 OK in 4ms (Views: 0.1ms | ActiveRecord: 0.2ms (1 query, 0 cached) | GC: 2.7ms)


Started GET "/api/v1/scripts" for ::1 at 2026-05-06 11:49:28 +0800
Processing by Api::V1::ScriptsController#index as */*
  Parameters: {"script"=>{}}
  [1m[36mScript Load (0.2ms)[0m  [1m[34mSELECT "scripts".* FROM "scripts"[0m
  ↳ app/controllers/api/v1/scripts_controller.rb:11:in `map'
Completed 200 OK in 1ms (Views: 0.1ms | ActiveRecord: 0.2ms (1 query, 0 cached) | GC: 0.0ms)


Started GET "/api/v1/scripts" for ::1 at 2026-05-06 11:49:28 +0800
Processing by Api::V1::ScriptsController#index as */*
  Parameters: {"script"=>{}}
  [1m[36mScript Load (0.3ms)[0m  [1m[34mSELECT "scripts".* FROM "scripts"[0m
  ↳ app/controllers/api/v1/scripts_controller.rb:11:in `map'
Completed 200 OK in 1ms (Views: 0.0ms | ActiveRecord: 0.3ms (1 query, 0 cached) | GC: 0.0ms)


Started GET "/api/v1/events" for ::1 at 2026-05-06 11:51:15 +0800
Processing by Api::V1::EventsController#index as */*
  Parameters: {"event"=>{}}
  [1m[36mEvent Load (1.1ms)[0m  [1m[34mSELECT "events".* FROM "events"[0m
  ↳ app/controllers/api/v1/events_controller.rb:14:in `map'
Completed 200 OK in 4ms (Views: 0.2ms | ActiveRecord: 1.1ms (1 query, 0 cached) | GC: 0.0ms)


Started GET "/api/v1/events" for ::1 at 2026-05-06 11:51:15 +0800
Processing by Api::V1::EventsController#index as */*
  Parameters: {"event"=>{}}
  [1m[36mEvent Load (0.2ms)[0m  [1m[34mSELECT "events".* FROM "events"[0m
  ↳ app/controllers/api/v1/events_controller.rb:14:in `map'
Completed 200 OK in 1ms (Views: 0.0ms | ActiveRecord: 0.2ms (1 query, 0 cached) | GC: 0.2ms)


Started GET "/api/v1/scripts" for ::1 at 2026-05-06 11:51:18 +0800
Processing by Api::V1::ScriptsController#index as */*
  Parameters: {"script"=>{}}
  [1m[36mScript Load (1.1ms)[0m  [1m[34mSELECT "scripts".* FROM "scripts"[0m
  ↳ app/controllers/api/v1/scripts_controller.rb:11:in `map'
Completed 200 OK in 7ms (Views: 0.1ms | ActiveRecord: 1.1ms (1 query, 0 cached) | GC: 0.0ms)


Started GET "/api/v1/scripts" for ::1 at 2026-05-06 11:51:18 +0800
Processing by Api::V1::ScriptsController#index as */*
  Parameters: {"script"=>{}}
  [1m[36mScript Load (0.3ms)[0m  [1m[34mSELECT "scripts".* FROM "scripts"[0m
  ↳ app/controllers/api/v1/scripts_controller.rb:11:in `map'
Completed 200 OK in 1ms (Views: 0.0ms | ActiveRecord: 0.3ms (1 query, 0 cached) | GC: 0.0ms)


Started GET "/api/v1/users/me/events" for ::1 at 2026-05-06 11:51:19 +0800
Processing by Api::V1::UsersController#events as */*
  Parameters: {"user"=>{}}
  [1m[36mUser Load (1.2ms)[0m  [1m[34mSELECT "users".* FROM "users" WHERE "users"."id" = $1 LIMIT $2[0m  [["id", 1], ["LIMIT", 1]]
  ↳ app/controllers/application_controller.rb:9:in `authenticate!'
  [1m[36mEvent Load (0.2ms)[0m  [1m[34mSELECT "events".* FROM "events" WHERE "events"."host_id" = $1[0m  [["host_id", 1]]
  ↳ app/controllers/api/v1/users_controller.rb:20:in `map'
  [1m[36mEvent Load (0.5ms)[0m  [1m[34mSELECT "events".* FROM "events" INNER JOIN "event_members" ON "events"."id" = "event_members"."event_id" WHERE "event_members"."user_id" = $1[0m  [["user_id", 1]]
  ↳ app/controllers/api/v1/users_controller.rb:21:in `map'
Completed 200 OK in 7ms (Views: 0.1ms | ActiveRecord: 1.8ms (3 queries, 0 cached) | GC: 0.0ms)


Started GET "/api/v1/users/me/events" for ::1 at 2026-05-06 11:51:19 +0800
Processing by Api::V1::UsersController#events as */*
  Parameters: {"user"=>{}}
  [1m[36mUser Load (0.2ms)[0m  [1m[34mSELECT "users".* FROM "users" WHERE "users"."id" = $1 LIMIT $2[0m  [["id", 1], ["LIMIT", 1]]
  ↳ app/controllers/application_controller.rb:9:in `authenticate!'
  [1m[36mEvent Load (0.1ms)[0m  [1m[34mSELECT "events".* FROM "events" WHERE "events"."host_id" = $1[0m  [["host_id", 1]]
  ↳ app/controllers/api/v1/users_controller.rb:20:in `map'
  [1m[36mEvent Load (0.1ms)[0m  [1m[34mSELECT "events".* FROM "events" INNER JOIN "event_members" ON "events"."id" = "event_members"."event_id" WHERE "event_members"."user_id" = $1[0m  [["user_id", 1]]
  ↳ app/controllers/api/v1/users_controller.rb:21:in `map'
Completed 200 OK in 3ms (Views: 0.1ms | ActiveRecord: 0.4ms (3 queries, 0 cached) | GC: 0.4ms)


Started GET "/api/v1/scripts" for ::1 at 2026-05-06 11:51:20 +0800
Processing by Api::V1::ScriptsController#index as */*
  Parameters: {"script"=>{}}
  [1m[36mScript Load (0.2ms)[0m  [1m[34mSELECT "scripts".* FROM "scripts"[0m
  ↳ app/controllers/api/v1/scripts_controller.rb:11:in `map'
Completed 200 OK in 1ms (Views: 0.1ms | ActiveRecord: 0.3ms (1 query, 0 cached) | GC: 0.0ms)


Started GET "/api/v1/scripts" for ::1 at 2026-05-06 11:51:20 +0800
Processing by Api::V1::ScriptsController#index as */*
  Parameters: {"script"=>{}}
  [1m[36mScript Load (0.2ms)[0m  [1m[34mSELECT "scripts".* FROM "scripts"[0m
  ↳ app/controllers/api/v1/scripts_controller.rb:11:in `map'
Completed 200 OK in 1ms (Views: 0.0ms | ActiveRecord: 0.2ms (1 query, 0 cached) | GC: 0.0ms)


Started GET "/api/v1/events" for ::1 at 2026-05-06 11:51:21 +0800
Processing by Api::V1::EventsController#index as */*
  Parameters: {"event"=>{}}
  [1m[36mEvent Load (0.3ms)[0m  [1m[34mSELECT "events".* FROM "events"[0m
  ↳ app/controllers/api/v1/events_controller.rb:14:in `map'
Completed 200 OK in 1ms (Views: 0.1ms | ActiveRecord: 0.3ms (1 query, 0 cached) | GC: 0.0ms)


Started GET "/api/v1/events" for ::1 at 2026-05-06 11:51:21 +0800
Processing by Api::V1::EventsController#index as */*
  Parameters: {"event"=>{}}
  [1m[36mEvent Load (0.4ms)[0m  [1m[34mSELECT "events".* FROM "events"[0m
  ↳ app/controllers/api/v1/events_controller.rb:14:in `map'
Completed 200 OK in 1ms (Views: 0.0ms | ActiveRecord: 0.4ms (1 query, 0 cached) | GC: 0.0ms)


Started GET "/api/v1/scripts" for ::1 at 2026-05-06 11:51:23 +0800
Processing by Api::V1::ScriptsController#index as */*
  Parameters: {"script"=>{}}
  [1m[36mScript Load (0.3ms)[0m  [1m[34mSELECT "scripts".* FROM "scripts"[0m
  ↳ app/controllers/api/v1/scripts_controller.rb:11:in `map'
Completed 200 OK in 2ms (Views: 0.1ms | ActiveRecord: 0.2ms (1 query, 0 cached) | GC: 0.0ms)


Started GET "/api/v1/scripts" for ::1 at 2026-05-06 11:51:23 +0800
Processing by Api::V1::ScriptsController#index as */*
  Parameters: {"script"=>{}}
  [1m[36mScript Load (0.2ms)[0m  [1m[34mSELECT "scripts".* FROM "scripts"[0m
  ↳ app/controllers/api/v1/scripts_controller.rb:11:in `map'
Completed 200 OK in 2ms (Views: 0.1ms | ActiveRecord: 0.2ms (1 query, 0 cached) | GC: 1.6ms)


Started GET "/api/v1/scripts" for ::1 at 2026-05-06 11:51:29 +0800
Processing by Api::V1::ScriptsController#index as */*
  Parameters: {"script"=>{}}
  [1m[36mScript Load (0.3ms)[0m  [1m[34mSELECT "scripts".* FROM "scripts"[0m
  ↳ app/controllers/api/v1/scripts_controller.rb:11:in `map'
Completed 200 OK in 2ms (Views: 0.2ms | ActiveRecord: 0.3ms (1 query, 0 cached) | GC: 0.0ms)


Started GET "/api/v1/scripts" for ::1 at 2026-05-06 11:51:29 +0800
Processing by Api::V1::ScriptsController#index as */*
  Parameters: {"script"=>{}}
  [1m[36mScript Load (0.3ms)[0m  [1m[34mSELECT "scripts".* FROM "scripts"[0m
  ↳ app/controllers/api/v1/scripts_controller.rb:11:in `map'
Completed 200 OK in 1ms (Views: 0.1ms | ActiveRecord: 0.3ms (1 query, 0 cached) | GC: 0.0ms)


Started GET "/api/v1/scripts?difficulty=easy" for ::1 at 2026-05-06 11:51:31 +0800
Processing by Api::V1::ScriptsController#index as */*
  Parameters: {"difficulty"=>"easy", "script"=>{}}
  [1m[36mScript Load (0.5ms)[0m  [1m[34mSELECT "scripts".* FROM "scripts" WHERE "scripts"."difficulty" = $1[0m  [["difficulty", 0]]
  ↳ app/controllers/api/v1/scripts_controller.rb:11:in `map'
Completed 200 OK in 1ms (Views: 0.0ms | ActiveRecord: 0.5ms (1 query, 0 cached) | GC: 0.0ms)


Started GET "/api/v1/scripts?difficulty=medium" for ::1 at 2026-05-06 11:51:31 +0800
Processing by Api::V1::ScriptsController#index as */*
  Parameters: {"difficulty"=>"medium", "script"=>{}}
  [1m[36mScript Load (1.1ms)[0m  [1m[34mSELECT "scripts".* FROM "scripts" WHERE "scripts"."difficulty" = $1[0m  [["difficulty", 1]]
  ↳ app/controllers/api/v1/scripts_controller.rb:11:in `map'
Completed 200 OK in 2ms (Views: 0.0ms | ActiveRecord: 1.1ms (1 query, 0 cached) | GC: 0.0ms)


Started GET "/api/v1/scripts?difficulty=hard" for ::1 at 2026-05-06 11:51:32 +0800
Processing by Api::V1::ScriptsController#index as */*
  Parameters: {"difficulty"=>"hard", "script"=>{}}
  [1m[36mScript Load (0.2ms)[0m  [1m[34mSELECT "scripts".* FROM "scripts" WHERE "scripts"."difficulty" = $1[0m  [["difficulty", 2]]
  ↳ app/controllers/api/v1/scripts_controller.rb:11:in `map'
Completed 200 OK in 1ms (Views: 0.0ms | ActiveRecord: 0.2ms (1 query, 0 cached) | GC: 0.0ms)


Started GET "/api/v1/scripts?difficulty=medium" for ::1 at 2026-05-06 11:51:32 +0800
Processing by Api::V1::ScriptsController#index as */*
  Parameters: {"difficulty"=>"medium", "script"=>{}}
  [1m[36mScript Load (8.9ms)[0m  [1m[34mSELECT "scripts".* FROM "scripts" WHERE "scripts"."difficulty" = $1[0m  [["difficulty", 1]]
  ↳ app/controllers/api/v1/scripts_controller.rb:11:in `map'
Completed 200 OK in 10ms (Views: 0.1ms | ActiveRecord: 8.9ms (1 query, 0 cached) | GC: 0.0ms)


Started GET "/api/v1/scripts?difficulty=easy" for ::1 at 2026-05-06 11:51:33 +0800
Processing by Api::V1::ScriptsController#index as */*
  Parameters: {"difficulty"=>"easy", "script"=>{}}
  [1m[36mScript Load (0.1ms)[0m  [1m[34mSELECT "scripts".* FROM "scripts" WHERE "scripts"."difficulty" = $1[0m  [["difficulty", 0]]
  ↳ app/controllers/api/v1/scripts_controller.rb:11:in `map'
Completed 200 OK in 1ms (Views: 0.0ms | ActiveRecord: 0.1ms (1 query, 0 cached) | GC: 0.1ms)


Started GET "/api/v1/scripts" for ::1 at 2026-05-06 11:51:33 +0800
Processing by Api::V1::ScriptsController#index as */*
  Parameters: {"script"=>{}}
  [1m[36mScript Load (0.2ms)[0m  [1m[34mSELECT "scripts".* FROM "scripts"[0m
  ↳ app/controllers/api/v1/scripts_controller.rb:11:in `map'
Completed 200 OK in 1ms (Views: 0.0ms | ActiveRecord: 0.2ms (1 query, 0 cached) | GC: 0.0ms)


Started GET "/api/v1/scripts" for ::1 at 2026-05-06 11:53:15 +0800
Processing by Api::V1::ScriptsController#index as */*
  Parameters: {"script"=>{}}
  [1m[36mScript Load (1.1ms)[0m  [1m[34mSELECT "scripts".* FROM "scripts"[0m
  ↳ app/controllers/api/v1/scripts_controller.rb:11:in `map'
Completed 200 OK in 3ms (Views: 0.2ms | ActiveRecord: 1.1ms (1 query, 0 cached) | GC: 0.0ms)


Started GET "/api/v1/scripts" for ::1 at 2026-05-06 11:53:15 +0800
Processing by Api::V1::ScriptsController#index as */*
  Parameters: {"script"=>{}}
  [1m[36mScript Load (0.3ms)[0m  [1m[34mSELECT "scripts".* FROM "scripts"[0m
  ↳ app/controllers/api/v1/scripts_controller.rb:11:in `map'
Completed 200 OK in 1ms (Views: 0.0ms | ActiveRecord: 0.3ms (1 query, 0 cached) | GC: 0.0ms)


Started GET "/api/v1/events" for ::1 at 2026-05-06 11:53:23 +0800
Processing by Api::V1::EventsController#index as */*
  Parameters: {"event"=>{}}
  [1m[36mEvent Load (0.3ms)[0m  [1m[34mSELECT "events".* FROM "events"[0m
  ↳ app/controllers/api/v1/events_controller.rb:14:in `map'
Completed 200 OK in 1ms (Views: 0.0ms | ActiveRecord: 0.3ms (1 query, 0 cached) | GC: 0.0ms)


Started GET "/api/v1/events" for ::1 at 2026-05-06 11:53:23 +0800
Processing by Api::V1::EventsController#index as */*
  Parameters: {"event"=>{}}
  [1m[36mEvent Load (0.2ms)[0m  [1m[34mSELECT "events".* FROM "events"[0m
  ↳ app/controllers/api/v1/events_controller.rb:14:in `map'
Completed 200 OK in 1ms (Views: 0.0ms | ActiveRecord: 0.2ms (1 query, 0 cached) | GC: 0.0ms)


Started GET "/api/v1/scripts" for ::1 at 2026-05-06 11:53:24 +0800
Processing by Api::V1::ScriptsController#index as */*
  Parameters: {"script"=>{}}
  [1m[36mScript Load (0.2ms)[0m  [1m[34mSELECT "scripts".* FROM "scripts"[0m
  ↳ app/controllers/api/v1/scripts_controller.rb:11:in `map'
Completed 200 OK in 1ms (Views: 0.1ms | ActiveRecord: 0.2ms (1 query, 0 cached) | GC: 0.0ms)


Started GET "/api/v1/scripts" for ::1 at 2026-05-06 11:53:24 +0800
Processing by Api::V1::ScriptsController#index as */*
  Parameters: {"script"=>{}}
  [1m[36mScript Load (0.3ms)[0m  [1m[34mSELECT "scripts".* FROM "scripts"[0m
  ↳ app/controllers/api/v1/scripts_controller.rb:11:in `map'
Completed 200 OK in 1ms (Views: 0.1ms | ActiveRecord: 0.3ms (1 query, 0 cached) | GC: 0.0ms)


Started GET "/api/v1/users/me/events" for ::1 at 2026-05-06 11:53:26 +0800
Processing by Api::V1::UsersController#events as */*
  Parameters: {"user"=>{}}
  [1m[36mUser Load (0.5ms)[0m  [1m[34mSELECT "users".* FROM "users" WHERE "users"."id" = $1 LIMIT $2[0m  [["id", 1], ["LIMIT", 1]]
  ↳ app/controllers/application_controller.rb:9:in `authenticate!'
  [1m[36mEvent Load (0.1ms)[0m  [1m[34mSELECT "events".* FROM "events" WHERE "events"."host_id" = $1[0m  [["host_id", 1]]
  ↳ app/controllers/api/v1/users_controller.rb:20:in `map'
  [1m[36mEvent Load (11.4ms)[0m  [1m[34mSELECT "events".* FROM "events" INNER JOIN "event_members" ON "events"."id" = "event_members"."event_id" WHERE "event_members"."user_id" = $1[0m  [["user_id", 1]]
  ↳ app/controllers/api/v1/users_controller.rb:21:in `map'
Completed 200 OK in 20ms (Views: 0.1ms | ActiveRecord: 12.1ms (3 queries, 0 cached) | GC: 3.2ms)


Started GET "/api/v1/users/me/events" for ::1 at 2026-05-06 11:53:26 +0800
Processing by Api::V1::UsersController#events as */*
  Parameters: {"user"=>{}}
  [1m[36mUser Load (0.2ms)[0m  [1m[34mSELECT "users".* FROM "users" WHERE "users"."id" = $1 LIMIT $2[0m  [["id", 1], ["LIMIT", 1]]
  ↳ app/controllers/application_controller.rb:9:in `authenticate!'
  [1m[36mEvent Load (0.1ms)[0m  [1m[34mSELECT "events".* FROM "events" WHERE "events"."host_id" = $1[0m  [["host_id", 1]]
  ↳ app/controllers/api/v1/users_controller.rb:20:in `map'
  [1m[36mEvent Load (0.1ms)[0m  [1m[34mSELECT "events".* FROM "events" INNER JOIN "event_members" ON "events"."id" = "event_members"."event_id" WHERE "event_members"."user_id" = $1[0m  [["user_id", 1]]
  ↳ app/controllers/api/v1/users_controller.rb:21:in `map'
Completed 200 OK in 2ms (Views: 0.1ms | ActiveRecord: 0.3ms (3 queries, 0 cached) | GC: 0.4ms)


Started GET "/api/v1/users/me/events" for ::1 at 2026-05-06 11:55:59 +0800
Processing by Api::V1::UsersController#events as */*
  Parameters: {"user"=>{}}
  [1m[36mUser Load (0.2ms)[0m  [1m[34mSELECT "users".* FROM "users" WHERE "users"."id" = $1 LIMIT $2[0m  [["id", 1], ["LIMIT", 1]]
  ↳ app/controllers/application_controller.rb:9:in `authenticate!'
  [1m[36mEvent Load (0.1ms)[0m  [1m[34mSELECT "events".* FROM "events" WHERE "events"."host_id" = $1[0m  [["host_id", 1]]
  ↳ app/controllers/api/v1/users_controller.rb:20:in `map'
  [1m[36mEvent Load (0.2ms)[0m  [1m[34mSELECT "events".* FROM "events" INNER JOIN "event_members" ON "events"."id" = "event_members"."event_id" WHERE "event_members"."user_id" = $1[0m  [["user_id", 1]]
  ↳ app/controllers/api/v1/users_controller.rb:21:in `map'
Completed 200 OK in 15ms (Views: 0.1ms | ActiveRecord: 13.3ms (3 queries, 0 cached) | GC: 2.2ms)


Started GET "/api/v1/users/me/events" for ::1 at 2026-05-06 11:56:00 +0800
Processing by Api::V1::UsersController#events as */*
  Parameters: {"user"=>{}}
  [1m[36mUser Load (0.2ms)[0m  [1m[34mSELECT "users".* FROM "users" WHERE "users"."id" = $1 LIMIT $2[0m  [["id", 1], ["LIMIT", 1]]
  ↳ app/controllers/application_controller.rb:9:in `authenticate!'
  [1m[36mEvent Load (0.1ms)[0m  [1m[34mSELECT "events".* FROM "events" WHERE "events"."host_id" = $1[0m  [["host_id", 1]]
  ↳ app/controllers/api/v1/users_controller.rb:20:in `map'
  [1m[36mEvent Load (0.1ms)[0m  [1m[34mSELECT "events".* FROM "events" INNER JOIN "event_members" ON "events"."id" = "event_members"."event_id" WHERE "event_members"."user_id" = $1[0m  [["user_id", 1]]
  ↳ app/controllers/api/v1/users_controller.rb:21:in `map'
Completed 200 OK in 2ms (Views: 0.1ms | ActiveRecord: 0.3ms (3 queries, 0 cached) | GC: 0.1ms)


  [1m[36mUser Load (1.6ms)[0m  [1m[34mSELECT "users".* FROM "users" WHERE "users"."email" = $1 LIMIT $2[0m  [["email", "[FILTERED]"], ["LIMIT", 1]]
  [1m[36mTRANSACTION (0.1ms)[0m  [1m[35mBEGIN[0m
  [1m[36mUser Exists? (0.9ms)[0m  [1m[34mSELECT 1 AS one FROM "users" WHERE LOWER("users"."email") = LOWER($1) AND "users"."id" != $2 LIMIT $3[0m  [["email", "[FILTERED]"], ["id", 1], ["LIMIT", 1]]
  [1m[36mUser Update (2.1ms)[0m  [1m[33mUPDATE "users" SET "updated_at" = $1, "is_admin" = $2 WHERE "users"."id" = $3[0m  [["updated_at", "2026-05-06 03:57:57.551620"], ["is_admin", true], ["id", 1]]
  [1m[36mTRANSACTION (0.8ms)[0m  [1m[35mCOMMIT[0m
Started GET "/api/v1/users/me/events" for ::1 at 2026-05-06 11:58:00 +0800
Processing by Api::V1::UsersController#events as */*
  Parameters: {"user"=>{}}
  [1m[36mUser Load (0.4ms)[0m  [1m[34mSELECT "users".* FROM "users" WHERE "users"."id" = $1 LIMIT $2[0m  [["id", 1], ["LIMIT", 1]]
  ↳ app/controllers/application_controller.rb:9:in `authenticate!'
  [1m[36mEvent Load (0.2ms)[0m  [1m[34mSELECT "events".* FROM "events" WHERE "events"."host_id" = $1[0m  [["host_id", 1]]
  ↳ app/controllers/api/v1/users_controller.rb:20:in `map'
  [1m[36mEvent Load (0.1ms)[0m  [1m[34mSELECT "events".* FROM "events" INNER JOIN "event_members" ON "events"."id" = "event_members"."event_id" WHERE "event_members"."user_id" = $1[0m  [["user_id", 1]]
  ↳ app/controllers/api/v1/users_controller.rb:21:in `map'
Completed 200 OK in 5ms (Views: 0.1ms | ActiveRecord: 0.7ms (3 queries, 0 cached) | GC: 0.3ms)


Started GET "/api/v1/users/me/events" for ::1 at 2026-05-06 11:58:00 +0800
Processing by Api::V1::UsersController#events as */*
  Parameters: {"user"=>{}}
  [1m[36mUser Load (0.2ms)[0m  [1m[34mSELECT "users".* FROM "users" WHERE "users"."id" = $1 LIMIT $2[0m  [["id", 1], ["LIMIT", 1]]
  ↳ app/controllers/application_controller.rb:9:in `authenticate!'
  [1m[36mEvent Load (0.6ms)[0m  [1m[34mSELECT "events".* FROM "events" WHERE "events"."host_id" = $1[0m  [["host_id", 1]]
  ↳ app/controllers/api/v1/users_controller.rb:20:in `map'
  [1m[36mEvent Load (0.1ms)[0m  [1m[34mSELECT "events".* FROM "events" INNER JOIN "event_members" ON "events"."id" = "event_members"."event_id" WHERE "event_members"."user_id" = $1[0m  [["user_id", 1]]
  ↳ app/controllers/api/v1/users_controller.rb:21:in `map'
Completed 200 OK in 7ms (Views: 0.1ms | ActiveRecord: 0.9ms (3 queries, 0 cached) | GC: 4.3ms)


Started DELETE "/api/v1/auth/logout" for ::1 at 2026-05-06 11:58:05 +0800
Processing by Api::V1::AuthController#logout as */*
  Parameters: {"auth"=>{}}
  [1m[36mUser Load (0.1ms)[0m  [1m[34mSELECT "users".* FROM "users" WHERE "users"."id" = $1 LIMIT $2[0m  [["id", 1], ["LIMIT", 1]]
  ↳ app/controllers/application_controller.rb:9:in `authenticate!'
Completed 200 OK in 2ms (Views: 0.1ms | ActiveRecord: 0.1ms (1 query, 0 cached) | GC: 1.5ms)


Started POST "/api/v1/auth/login" for ::1 at 2026-05-06 11:58:14 +0800
Processing by Api::V1::AuthController#login as */*
  Parameters: {"email"=>"[FILTERED]", "password"=>"[FILTERED]", "auth"=>{"email"=>"[FILTERED]", "password"=>"[FILTERED]"}}
  [1m[36mUser Load (12.5ms)[0m  [1m[34mSELECT "users".* FROM "users" WHERE "users"."email" = $1 LIMIT $2[0m  [["email", "[FILTERED]"], ["LIMIT", 1]]
  ↳ app/controllers/api/v1/auth_controller.rb:17:in `login'
Completed 200 OK in 228ms (Views: 2.5ms | ActiveRecord: 12.4ms (1 query, 0 cached) | GC: 5.0ms)


Started GET "/api/v1/events" for ::1 at 2026-05-06 11:58:14 +0800
Processing by Api::V1::EventsController#index as */*
  Parameters: {"event"=>{}}
  [1m[36mEvent Load (0.6ms)[0m  [1m[34mSELECT "events".* FROM "events"[0m
  ↳ app/controllers/api/v1/events_controller.rb:14:in `map'
Completed 200 OK in 1ms (Views: 0.1ms | ActiveRecord: 0.6ms (1 query, 0 cached) | GC: 0.0ms)


Started GET "/api/v1/events" for ::1 at 2026-05-06 11:58:14 +0800
Processing by Api::V1::EventsController#index as */*
  Parameters: {"event"=>{}}
  [1m[36mEvent Load (0.3ms)[0m  [1m[34mSELECT "events".* FROM "events"[0m
  ↳ app/controllers/api/v1/events_controller.rb:14:in `map'
Completed 200 OK in 1ms (Views: 0.0ms | ActiveRecord: 0.2ms (1 query, 0 cached) | GC: 0.0ms)


Started POST "/api/v1/scripts" for ::1 at 2026-05-06 12:01:46 +0800
Processing by Api::V1::ScriptsController#create as */*
  Parameters: {"title"=>"無圖區", "description"=>"", "difficulty"=>"easy", "male_slots"=>"3", "female_slots"=>"3", "any_slots"=>"0", "genres"=>["8", "3", "0"], "cover_image"=>#<ActionDispatch::Http::UploadedFile:0x00000001265ecbe0 @tempfile=#<Tempfile:/var/folders/tj/56z80fdd6wl16tdscrf6l96w0000gn/T/RackMultipart20260506-48848-z6eayh.png>, @content_type="image/png", @original_filename="Screenshot 2026-05-06 at 12.01.31 PM.png", @headers="Content-Disposition: form-data; name=\"cover_image\"; filename=\"Screenshot 2026-05-06 at 12.01.31 PM.png\"\r\nContent-Type: image/png\r\n">}
  [1m[36mUser Load (0.4ms)[0m  [1m[34mSELECT "users".* FROM "users" WHERE "users"."id" = $1 LIMIT $2[0m  [["id", 1], ["LIMIT", 1]]
  ↳ app/controllers/application_controller.rb:9:in `authenticate!'
  [1m[36mTRANSACTION (0.1ms)[0m  [1m[35mBEGIN[0m
  ↳ app/controllers/api/v1/scripts_controller.rb:23:in `create'
  [1m[36mScript Create (38.7ms)[0m  [1m[32mINSERT INTO "scripts" ("title", "genres", "description", "difficulty", "male_slots", "female_slots", "any_slots", "created_at", "updated_at") VALUES ($1, $2, $3, $4, $5, $6, $7, $8, $9) RETURNING "id"[0m  [["title", "無圖區"], ["genres", "{8,3,0}"], ["description", ""], ["difficulty", 0], ["male_slots", 3], ["female_slots", 3], ["any_slots", 0], ["created_at", "2026-05-06 04:01:47.019621"], ["updated_at", "2026-05-06 04:01:47.019621"]]
  ↳ app/controllers/api/v1/scripts_controller.rb:23:in `create'
  [1m[36mActiveStorage::Blob Load (82.5ms)[0m  [1m[34mSELECT "active_storage_blobs".* FROM "active_storage_blobs" INNER JOIN "active_storage_attachments" ON "active_storage_blobs"."id" = "active_storage_attachments"."blob_id" WHERE "active_storage_attachments"."record_id" = $1 AND "active_storage_attachments"."record_type" = $2 AND "active_storage_attachments"."name" = $3 LIMIT $4[0m  [["record_id", 1], ["record_type", "Script"], ["name", "cover_image"], ["LIMIT", 1]]
  ↳ app/controllers/api/v1/scripts_controller.rb:23:in `create'
  [1m[36mActiveStorage::Attachment Load (0.2ms)[0m  [1m[34mSELECT "active_storage_attachments".* FROM "active_storage_attachments" WHERE "active_storage_attachments"."record_id" = $1 AND "active_storage_attachments"."record_type" = $2 AND "active_storage_attachments"."name" = $3 LIMIT $4[0m  [["record_id", 1], ["record_type", "Script"], ["name", "cover_image"], ["LIMIT", 1]]
  ↳ app/controllers/api/v1/scripts_controller.rb:23:in `create'
  [1m[36mActiveStorage::Blob Create (1.0ms)[0m  [1m[32mINSERT INTO "active_storage_blobs" ("key", "filename", "content_type", "metadata", "service_name", "byte_size", "checksum", "created_at") VALUES ($1, $2, $3, $4, $5, $6, $7, $8) RETURNING "id"[0m  [["key", "lq1xxoy73u0mkj4qu9lepn1pnp18"], ["filename", "Screenshot 2026-05-06 at 12.01.31 PM.png"], ["content_type", "image/png"], ["metadata", "{\"identified\":true}"], ["service_name", "local"], ["byte_size", 193184], ["checksum", "w0c1/3tJT7RFWDYxZopJ5g=="], ["created_at", "2026-05-06 04:01:47.165737"]]
  ↳ app/controllers/api/v1/scripts_controller.rb:23:in `create'
  [1m[36mActiveStorage::Attachment Create (2.3ms)[0m  [1m[32mINSERT INTO "active_storage_attachments" ("name", "record_type", "record_id", "blob_id", "created_at") VALUES ($1, $2, $3, $4, $5) RETURNING "id"[0m  [["name", "cover_image"], ["record_type", "Script"], ["record_id", 1], ["blob_id", 1], ["created_at", "2026-05-06 04:01:47.170724"]]
  ↳ app/controllers/api/v1/scripts_controller.rb:23:in `create'
  [1m[36mScript Update (23.5ms)[0m  [1m[33mUPDATE "scripts" SET "updated_at" = $1 WHERE "scripts"."id" = $2[0m  [["updated_at", "2026-05-06 04:01:47.173738"], ["id", 1]]
  ↳ app/controllers/api/v1/scripts_controller.rb:23:in `create'
  [1m[36mTRANSACTION (0.3ms)[0m  [1m[35mCOMMIT[0m
  ↳ app/controllers/api/v1/scripts_controller.rb:23:in `create'
[36m  Disk Storage (1.3ms) [0m[32mUploaded file to key: lq1xxoy73u0mkj4qu9lepn1pnp18 (checksum: w0c1/3tJT7RFWDYxZopJ5g==)[0m
[ActiveJob] Enqueued ActiveStorage::AnalyzeJob (Job ID: 7d7815d4-dd33-4eff-b23a-63119985c697) to Async(default) with arguments: #<GlobalID:0x00000001265c3da8 @uri=#<URI::GID gid://larpup-api/ActiveStorage::Blob/1>>
[ActiveJob] ↳ app/controllers/api/v1/scripts_controller.rb:23:in `create'
Completed 201 Created in 277ms (Views: 0.1ms | ActiveRecord: 163.5ms (7 queries, 0 cached) | GC: 4.2ms)


[ActiveJob] [ActiveStorage::AnalyzeJob] [7d7815d4-dd33-4eff-b23a-63119985c697]   [1m[36mActiveStorage::Blob Load (0.7ms)[0m  [1m[34mSELECT "active_storage_blobs".* FROM "active_storage_blobs" WHERE "active_storage_blobs"."id" = $1 LIMIT $2[0m  [["id", 1], ["LIMIT", 1]]
[ActiveJob] [ActiveStorage::AnalyzeJob] [7d7815d4-dd33-4eff-b23a-63119985c697] Performing ActiveStorage::AnalyzeJob (Job ID: 7d7815d4-dd33-4eff-b23a-63119985c697) from Async(default) enqueued at 2026-05-06T04:01:47.262563000Z with arguments: #<GlobalID:0x00000001270703c8 @uri=#<URI::GID gid://larpup-api/ActiveStorage::Blob/1>>
Started GET "/api/v1/scripts" for ::1 at 2026-05-06 12:01:47 +0800
Processing by Api::V1::ScriptsController#index as */*
  Parameters: {"script"=>{}}
  [1m[36mScript Load (0.8ms)[0m  [1m[34mSELECT "scripts".* FROM "scripts"[0m
  ↳ app/controllers/api/v1/scripts_controller.rb:11:in `map'
[ActiveJob] [ActiveStorage::AnalyzeJob] [7d7815d4-dd33-4eff-b23a-63119985c697] Skipping image analysis because the ruby-vips gem isn't installed
  [1m[36mActiveStorage::Attachment Load (0.7ms)[0m  [1m[34mSELECT "active_storage_attachments".* FROM "active_storage_attachments" WHERE "active_storage_attachments"."record_id" = $1 AND "active_storage_attachments"."record_type" = $2 AND "active_storage_attachments"."name" = $3 LIMIT $4[0m  [["record_id", 1], ["record_type", "Script"], ["name", "cover_image"], ["LIMIT", 1]]
  ↳ app/controllers/api/v1/scripts_controller.rb:58:in `script_json'
  [1m[36mActiveStorage::Blob Load (0.2ms)[0m  [1m[34mSELECT "active_storage_blobs".* FROM "active_storage_blobs" WHERE "active_storage_blobs"."id" = $1 LIMIT $2[0m  [["id", 1], ["LIMIT", 1]]
  ↳ app/controllers/api/v1/scripts_controller.rb:58:in `script_json'
Completed 200 OK in 7ms (Views: 0.1ms | ActiveRecord: 1.7ms (3 queries, 0 cached) | GC: 2.6ms)


Started GET "/api/v1/scripts" for ::1 at 2026-05-06 12:01:47 +0800
Started GET "/rails/active_storage/blobs/redirect/eyJfcmFpbHMiOnsiZGF0YSI6MSwicHVyIjoiYmxvYl9pZCJ9fQ==--ca7bbc074faee3dadbeb3d1539ca4b587c839f66/Screenshot%202026-05-06%20at%2012.01.31%E2%80%AFPM.png" for ::1 at 2026-05-06 12:01:47 +0800
Processing by Api::V1::ScriptsController#index as */*
  Parameters: {"script"=>{}}
  [1m[36mScript Load (0.2ms)[0m  [1m[34mSELECT "scripts".* FROM "scripts"[0m
  ↳ app/controllers/api/v1/scripts_controller.rb:11:in `map'
  [1m[36mActiveStorage::Attachment Load (0.7ms)[0m  [1m[34mSELECT "active_storage_attachments".* FROM "active_storage_attachments" WHERE "active_storage_attachments"."record_id" = $1 AND "active_storage_attachments"."record_type" = $2 AND "active_storage_attachments"."name" = $3 LIMIT $4[0m  [["record_id", 1], ["record_type", "Script"], ["name", "cover_image"], ["LIMIT", 1]]
  ↳ app/controllers/api/v1/scripts_controller.rb:58:in `script_json'
  [1m[36mActiveStorage::Blob Load (0.3ms)[0m  [1m[34mSELECT "active_storage_blobs".* FROM "active_storage_blobs" WHERE "active_storage_blobs"."id" = $1 LIMIT $2[0m  [["id", 1], ["LIMIT", 1]]
  ↳ app/controllers/api/v1/scripts_controller.rb:58:in `script_json'
Completed 200 OK in 7ms (Views: 0.1ms | ActiveRecord: 1.2ms (3 queries, 0 cached) | GC: 0.2ms)


Processing by ActiveStorage::Blobs::RedirectController#show as PNG
  Parameters: {"signed_id"=>"eyJfcmFpbHMiOnsiZGF0YSI6MSwicHVyIjoiYmxvYl9pZCJ9fQ==--ca7bbc074faee3dadbeb3d1539ca4b587c839f66", "filename"=>"Screenshot 2026-05-06 at 12.01.31 PM"}
  [1m[36mActiveStorage::Blob Load (0.2ms)[0m  [1m[34mSELECT "active_storage_blobs".* FROM "active_storage_blobs" WHERE "active_storage_blobs"."id" = $1 LIMIT $2[0m  [["id", 1], ["LIMIT", 1]]
[36m  Disk Storage (0.4ms) [0m[34mGenerated URL for file at key: lq1xxoy73u0mkj4qu9lepn1pnp18 (http://localhost:3000/rails/active_storage/disk/eyJfcmFpbHMiOnsiZGF0YSI6eyJrZXkiOiJscTF4eG95NzN1MG1rajRxdTlsZXBuMXBucDE4IiwiZGlzcG9zaXRpb24iOiJpbmxpbmU7IGZpbGVuYW1lPVwiU2NyZWVuc2hvdCAyMDI2LTA1LTA2IGF0IDEyLjAxLjMxJTNGUE0ucG5nXCI7IGZpbGVuYW1lKj1VVEYtOCcnU2NyZWVuc2hvdCUyMDIwMjYtMDUtMDYlMjBhdCUyMDEyLjAxLjMxJUUyJTgwJUFGUE0ucG5nIiwiY29udGVudF90eXBlIjoiaW1hZ2UvcG5nIiwic2VydmljZV9uYW1lIjoibG9jYWwifSwiZXhwIjoiMjAyNi0wNS0wNlQwNDowNjo0Ny4zOTFaIiwicHVyIjoiYmxvYl9rZXkifX0=--8efbac1e84aff79bce91c1b19e7e3fce3cb043c8/Screenshot%202026-05-06%20at%2012.01.31%E2%80%AFPM.png)[0m
Redirected to http://localhost:3000/rails/active_storage/disk/eyJfcmFpbHMiOnsiZGF0YSI6eyJrZXkiOiJscTF4eG95NzN1MG1rajRxdTlsZXBuMXBucDE4IiwiZGlzcG9zaXRpb24iOiJpbmxpbmU7IGZpbGVuYW1lPVwiU2NyZWVuc2hvdCAyMDI2LTA1LTA2IGF0IDEyLjAxLjMxJTNGUE0ucG5nXCI7IGZpbGVuYW1lKj1VVEYtOCcnU2NyZWVuc2hvdCUyMDIwMjYtMDUtMDYlMjBhdCUyMDEyLjAxLjMxJUUyJTgwJUFGUE0ucG5nIiwiY29udGVudF90eXBlIjoiaW1hZ2UvcG5nIiwic2VydmljZV9uYW1lIjoibG9jYWwifSwiZXhwIjoiMjAyNi0wNS0wNlQwNDowNjo0Ny4zOTFaIiwicHVyIjoiYmxvYl9rZXkifX0=--8efbac1e84aff79bce91c1b19e7e3fce3cb043c8/Screenshot%202026-05-06%20at%2012.01.31%E2%80%AFPM.png
Completed 302 Found in 20ms (ActiveRecord: 0.2ms (1 query, 0 cached) | GC: 0.4ms)


Started GET "/rails/active_storage/disk/eyJfcmFpbHMiOnsiZGF0YSI6eyJrZXkiOiJscTF4eG95NzN1MG1rajRxdTlsZXBuMXBucDE4IiwiZGlzcG9zaXRpb24iOiJpbmxpbmU7IGZpbGVuYW1lPVwiU2NyZWVuc2hvdCAyMDI2LTA1LTA2IGF0IDEyLjAxLjMxJTNGUE0ucG5nXCI7IGZpbGVuYW1lKj1VVEYtOCcnU2NyZWVuc2hvdCUyMDIwMjYtMDUtMDYlMjBhdCUyMDEyLjAxLjMxJUUyJTgwJUFGUE0ucG5nIiwiY29udGVudF90eXBlIjoiaW1hZ2UvcG5nIiwic2VydmljZV9uYW1lIjoibG9jYWwifSwiZXhwIjoiMjAyNi0wNS0wNlQwNDowNjo0Ny4zOTFaIiwicHVyIjoiYmxvYl9rZXkifX0=--8efbac1e84aff79bce91c1b19e7e3fce3cb043c8/Screenshot%202026-05-06%20at%2012.01.31%E2%80%AFPM.png" for ::1 at 2026-05-06 12:01:47 +0800
Processing by ActiveStorage::DiskController#show as PNG
  Parameters: {"encoded_key"=>"[FILTERED]", "filename"=>"Screenshot 2026-05-06 at 12.01.31 PM"}
Completed 200 OK in 0ms (ActiveRecord: 0.0ms (0 queries, 0 cached) | GC: 0.0ms)


[ActiveJob] [ActiveStorage::AnalyzeJob] [7d7815d4-dd33-4eff-b23a-63119985c697]   [1m[36mTRANSACTION (0.0ms)[0m  [1m[35mBEGIN[0m
[ActiveJob] [ActiveStorage::AnalyzeJob] [7d7815d4-dd33-4eff-b23a-63119985c697]   [1m[36mActiveStorage::Blob Update (82.9ms)[0m  [1m[33mUPDATE "active_storage_blobs" SET "metadata" = $1 WHERE "active_storage_blobs"."id" = $2[0m  [["metadata", "{\"identified\":true,\"analyzed\":true}"], ["id", 1]]
[ActiveJob] [ActiveStorage::AnalyzeJob] [7d7815d4-dd33-4eff-b23a-63119985c697]   [1m[36mActiveStorage::Attachment Load (0.5ms)[0m  [1m[34mSELECT "active_storage_attachments".* FROM "active_storage_attachments" WHERE "active_storage_attachments"."blob_id" = $1[0m  [["blob_id", 1]]
[ActiveJob] [ActiveStorage::AnalyzeJob] [7d7815d4-dd33-4eff-b23a-63119985c697]   [1m[36mScript Load (0.7ms)[0m  [1m[34mSELECT "scripts".* FROM "scripts" WHERE "scripts"."id" = $1[0m  [["id", 1]]
[ActiveJob] [ActiveStorage::AnalyzeJob] [7d7815d4-dd33-4eff-b23a-63119985c697]   [1m[36mScript Update (0.2ms)[0m  [1m[33mUPDATE "scripts" SET "updated_at" = $1 WHERE "scripts"."id" = $2[0m  [["updated_at", "2026-05-06 04:01:47.435648"], ["id", 1]]
[ActiveJob] [ActiveStorage::AnalyzeJob] [7d7815d4-dd33-4eff-b23a-63119985c697]   [1m[36mTRANSACTION (0.3ms)[0m  [1m[35mCOMMIT[0m
[ActiveJob] [ActiveStorage::AnalyzeJob] [7d7815d4-dd33-4eff-b23a-63119985c697] Performed ActiveStorage::AnalyzeJob (Job ID: 7d7815d4-dd33-4eff-b23a-63119985c697) from Async(default) in 163.54ms
Started GET "/api/v1/scripts" for ::1 at 2026-05-06 12:02:22 +0800
Processing by Api::V1::ScriptsController#index as */*
  Parameters: {"script"=>{}}
  [1m[36mScript Load (1.0ms)[0m  [1m[34mSELECT "scripts".* FROM "scripts"[0m
  ↳ app/controllers/api/v1/scripts_controller.rb:11:in `map'
  [1m[36mActiveStorage::Attachment Load (0.4ms)[0m  [1m[34mSELECT "active_storage_attachments".* FROM "active_storage_attachments" WHERE "active_storage_attachments"."record_id" = $1 AND "active_storage_attachments"."record_type" = $2 AND "active_storage_attachments"."name" = $3 LIMIT $4[0m  [["record_id", 1], ["record_type", "Script"], ["name", "cover_image"], ["LIMIT", 1]]
  ↳ app/controllers/api/v1/scripts_controller.rb:58:in `script_json'
  [1m[36mActiveStorage::Blob Load (0.2ms)[0m  [1m[34mSELECT "active_storage_blobs".* FROM "active_storage_blobs" WHERE "active_storage_blobs"."id" = $1 LIMIT $2[0m  [["id", 1], ["LIMIT", 1]]
  ↳ app/controllers/api/v1/scripts_controller.rb:58:in `script_json'
Completed 200 OK in 9ms (Views: 0.1ms | ActiveRecord: 1.6ms (3 queries, 0 cached) | GC: 0.0ms)


Started GET "/api/v1/scripts" for ::1 at 2026-05-06 12:02:22 +0800
Started GET "/rails/active_storage/disk/eyJfcmFpbHMiOnsiZGF0YSI6eyJrZXkiOiJscTF4eG95NzN1MG1rajRxdTlsZXBuMXBucDE4IiwiZGlzcG9zaXRpb24iOiJpbmxpbmU7IGZpbGVuYW1lPVwiU2NyZWVuc2hvdCAyMDI2LTA1LTA2IGF0IDEyLjAxLjMxJTNGUE0ucG5nXCI7IGZpbGVuYW1lKj1VVEYtOCcnU2NyZWVuc2hvdCUyMDIwMjYtMDUtMDYlMjBhdCUyMDEyLjAxLjMxJUUyJTgwJUFGUE0ucG5nIiwiY29udGVudF90eXBlIjoiaW1hZ2UvcG5nIiwic2VydmljZV9uYW1lIjoibG9jYWwifSwiZXhwIjoiMjAyNi0wNS0wNlQwNDowNjo0Ny4zOTFaIiwicHVyIjoiYmxvYl9rZXkifX0=--8efbac1e84aff79bce91c1b19e7e3fce3cb043c8/Screenshot%202026-05-06%20at%2012.01.31%E2%80%AFPM.png" for ::1 at 2026-05-06 12:02:22 +0800
Processing by Api::V1::ScriptsController#index as */*
  Parameters: {"script"=>{}}
Processing by ActiveStorage::DiskController#show as PNG
  [1m[36mScript Load (1.7ms)[0m  [1m[34mSELECT "scripts".* FROM "scripts"[0m
  Parameters: {"encoded_key"=>"[FILTERED]", "filename"=>"Screenshot 2026-05-06 at 12.01.31 PM"}
  ↳ app/controllers/api/v1/scripts_controller.rb:11:in `map'
Completed 304 Not Modified in 1ms (ActiveRecord: 0.0ms (0 queries, 0 cached) | GC: 0.0ms)


  [1m[36mActiveStorage::Attachment Load (0.7ms)[0m  [1m[34mSELECT "active_storage_attachments".* FROM "active_storage_attachments" WHERE "active_storage_attachments"."record_id" = $1 AND "active_storage_attachments"."record_type" = $2 AND "active_storage_attachments"."name" = $3 LIMIT $4[0m  [["record_id", 1], ["record_type", "Script"], ["name", "cover_image"], ["LIMIT", 1]]
  ↳ app/controllers/api/v1/scripts_controller.rb:58:in `script_json'
  [1m[36mActiveStorage::Blob Load (0.2ms)[0m  [1m[34mSELECT "active_storage_blobs".* FROM "active_storage_blobs" WHERE "active_storage_blobs"."id" = $1 LIMIT $2[0m  [["id", 1], ["LIMIT", 1]]
  ↳ app/controllers/api/v1/scripts_controller.rb:58:in `script_json'
Completed 200 OK in 6ms (Views: 0.1ms | ActiveRecord: 2.6ms (3 queries, 0 cached) | GC: 0.0ms)


Started GET "/api/v1/users/me/events" for ::1 at 2026-05-06 12:02:23 +0800
Processing by Api::V1::UsersController#events as */*
  Parameters: {"user"=>{}}
  [1m[36mUser Load (22.6ms)[0m  [1m[34mSELECT "users".* FROM "users" WHERE "users"."id" = $1 LIMIT $2[0m  [["id", 1], ["LIMIT", 1]]
  ↳ app/controllers/application_controller.rb:9:in `authenticate!'
  [1m[36mEvent Load (11.7ms)[0m  [1m[34mSELECT "events".* FROM "events" WHERE "events"."host_id" = $1[0m  [["host_id", 1]]
  ↳ app/controllers/api/v1/users_controller.rb:20:in `map'
  [1m[36mEvent Load (1.4ms)[0m  [1m[34mSELECT "events".* FROM "events" INNER JOIN "event_members" ON "events"."id" = "event_members"."event_id" WHERE "event_members"."user_id" = $1[0m  [["user_id", 1]]
  ↳ app/controllers/api/v1/users_controller.rb:21:in `map'
Completed 200 OK in 39ms (Views: 0.1ms | ActiveRecord: 35.7ms (3 queries, 0 cached) | GC: 0.0ms)


Started GET "/api/v1/users/me/events" for ::1 at 2026-05-06 12:02:23 +0800
Processing by Api::V1::UsersController#events as */*
  Parameters: {"user"=>{}}
  [1m[36mUser Load (0.4ms)[0m  [1m[34mSELECT "users".* FROM "users" WHERE "users"."id" = $1 LIMIT $2[0m  [["id", 1], ["LIMIT", 1]]
  ↳ app/controllers/application_controller.rb:9:in `authenticate!'
  [1m[36mEvent Load (0.2ms)[0m  [1m[34mSELECT "events".* FROM "events" WHERE "events"."host_id" = $1[0m  [["host_id", 1]]
  ↳ app/controllers/api/v1/users_controller.rb:20:in `map'
  [1m[36mEvent Load (0.7ms)[0m  [1m[34mSELECT "events".* FROM "events" INNER JOIN "event_members" ON "events"."id" = "event_members"."event_id" WHERE "event_members"."user_id" = $1[0m  [["user_id", 1]]
  ↳ app/controllers/api/v1/users_controller.rb:21:in `map'
Completed 200 OK in 3ms (Views: 0.1ms | ActiveRecord: 1.2ms (3 queries, 0 cached) | GC: 0.0ms)


Started GET "/api/v1/events" for ::1 at 2026-05-06 12:02:28 +0800
Processing by Api::V1::EventsController#index as */*
  Parameters: {"event"=>{}}
  [1m[36mEvent Load (0.5ms)[0m  [1m[34mSELECT "events".* FROM "events"[0m
  ↳ app/controllers/api/v1/events_controller.rb:14:in `map'
Completed 200 OK in 2ms (Views: 0.1ms | ActiveRecord: 0.5ms (1 query, 0 cached) | GC: 0.0ms)


Started GET "/api/v1/events" for ::1 at 2026-05-06 12:02:28 +0800
Processing by Api::V1::EventsController#index as */*
  Parameters: {"event"=>{}}
  [1m[36mEvent Load (0.4ms)[0m  [1m[34mSELECT "events".* FROM "events"[0m
  ↳ app/controllers/api/v1/events_controller.rb:14:in `map'
Completed 200 OK in 1ms (Views: 0.1ms | ActiveRecord: 0.4ms (1 query, 0 cached) | GC: 0.0ms)


Started GET "/api/v1/scripts" for ::1 at 2026-05-06 12:02:29 +0800
Processing by Api::V1::ScriptsController#index as */*
  Parameters: {"script"=>{}}
  [1m[36mScript Load (0.7ms)[0m  [1m[34mSELECT "scripts".* FROM "scripts"[0m
  ↳ app/controllers/api/v1/scripts_controller.rb:11:in `map'
  [1m[36mActiveStorage::Attachment Load (0.3ms)[0m  [1m[34mSELECT "active_storage_attachments".* FROM "active_storage_attachments" WHERE "active_storage_attachments"."record_id" = $1 AND "active_storage_attachments"."record_type" = $2 AND "active_storage_attachments"."name" = $3 LIMIT $4[0m  [["record_id", 1], ["record_type", "Script"], ["name", "cover_image"], ["LIMIT", 1]]
  ↳ app/controllers/api/v1/scripts_controller.rb:58:in `script_json'
  [1m[36mActiveStorage::Blob Load (0.1ms)[0m  [1m[34mSELECT "active_storage_blobs".* FROM "active_storage_blobs" WHERE "active_storage_blobs"."id" = $1 LIMIT $2[0m  [["id", 1], ["LIMIT", 1]]
  ↳ app/controllers/api/v1/scripts_controller.rb:58:in `script_json'
Completed 200 OK in 5ms (Views: 0.3ms | ActiveRecord: 1.1ms (3 queries, 0 cached) | GC: 0.0ms)


Started GET "/api/v1/scripts" for ::1 at 2026-05-06 12:02:29 +0800
Processing by Api::V1::ScriptsController#index as */*
  Parameters: {"script"=>{}}
  [1m[36mScript Load (1.8ms)[0m  [1m[34mSELECT "scripts".* FROM "scripts"[0m
  ↳ app/controllers/api/v1/scripts_controller.rb:11:in `map'
  [1m[36mActiveStorage::Attachment Load (0.2ms)[0m  [1m[34mSELECT "active_storage_attachments".* FROM "active_storage_attachments" WHERE "active_storage_attachments"."record_id" = $1 AND "active_storage_attachments"."record_type" = $2 AND "active_storage_attachments"."name" = $3 LIMIT $4[0m  [["record_id", 1], ["record_type", "Script"], ["name", "cover_image"], ["LIMIT", 1]]
  ↳ app/controllers/api/v1/scripts_controller.rb:58:in `script_json'
  [1m[36mActiveStorage::Blob Load (0.1ms)[0m  [1m[34mSELECT "active_storage_blobs".* FROM "active_storage_blobs" WHERE "active_storage_blobs"."id" = $1 LIMIT $2[0m  [["id", 1], ["LIMIT", 1]]
  ↳ app/controllers/api/v1/scripts_controller.rb:58:in `script_json'
Completed 200 OK in 5ms (Views: 0.1ms | ActiveRecord: 2.0ms (3 queries, 0 cached) | GC: 0.0ms)


Started GET "/api/v1/scripts" for ::1 at 2026-05-06 12:02:57 +0800
Processing by Api::V1::ScriptsController#index as */*
  Parameters: {"script"=>{}}
  [1m[36mScript Load (0.8ms)[0m  [1m[34mSELECT "scripts".* FROM "scripts"[0m
  ↳ app/controllers/api/v1/scripts_controller.rb:11:in `map'
  [1m[36mActiveStorage::Attachment Load (0.4ms)[0m  [1m[34mSELECT "active_storage_attachments".* FROM "active_storage_attachments" WHERE "active_storage_attachments"."record_id" = $1 AND "active_storage_attachments"."record_type" = $2 AND "active_storage_attachments"."name" = $3 LIMIT $4[0m  [["record_id", 1], ["record_type", "Script"], ["name", "cover_image"], ["LIMIT", 1]]
  ↳ app/controllers/api/v1/scripts_controller.rb:58:in `script_json'
  [1m[36mActiveStorage::Blob Load (0.2ms)[0m  [1m[34mSELECT "active_storage_blobs".* FROM "active_storage_blobs" WHERE "active_storage_blobs"."id" = $1 LIMIT $2[0m  [["id", 1], ["LIMIT", 1]]
  ↳ app/controllers/api/v1/scripts_controller.rb:58:in `script_json'
Completed 200 OK in 7ms (Views: 0.3ms | ActiveRecord: 1.3ms (3 queries, 0 cached) | GC: 0.0ms)


Started GET "/api/v1/scripts" for ::1 at 2026-05-06 12:02:57 +0800
Processing by Api::V1::ScriptsController#index as */*
  Parameters: {"script"=>{}}
  [1m[36mScript Load (0.2ms)[0m  [1m[34mSELECT "scripts".* FROM "scripts"[0m
  ↳ app/controllers/api/v1/scripts_controller.rb:11:in `map'
  [1m[36mActiveStorage::Attachment Load (0.2ms)[0m  [1m[34mSELECT "active_storage_attachments".* FROM "active_storage_attachments" WHERE "active_storage_attachments"."record_id" = $1 AND "active_storage_attachments"."record_type" = $2 AND "active_storage_attachments"."name" = $3 LIMIT $4[0m  [["record_id", 1], ["record_type", "Script"], ["name", "cover_image"], ["LIMIT", 1]]
  ↳ app/controllers/api/v1/scripts_controller.rb:58:in `script_json'
  [1m[36mActiveStorage::Blob Load (0.1ms)[0m  [1m[34mSELECT "active_storage_blobs".* FROM "active_storage_blobs" WHERE "active_storage_blobs"."id" = $1 LIMIT $2[0m  [["id", 1], ["LIMIT", 1]]
  ↳ app/controllers/api/v1/scripts_controller.rb:58:in `script_json'
Completed 200 OK in 2ms (Views: 0.1ms | ActiveRecord: 0.6ms (3 queries, 0 cached) | GC: 0.0ms)


Started GET "/api/v1/scripts?difficulty=easy" for ::1 at 2026-05-06 12:03:03 +0800
Processing by Api::V1::ScriptsController#index as */*
  Parameters: {"difficulty"=>"easy", "script"=>{}}
  [1m[36mScript Load (0.2ms)[0m  [1m[34mSELECT "scripts".* FROM "scripts" WHERE "scripts"."difficulty" = $1[0m  [["difficulty", 0]]
  ↳ app/controllers/api/v1/scripts_controller.rb:11:in `map'
  [1m[36mActiveStorage::Attachment Load (0.1ms)[0m  [1m[34mSELECT "active_storage_attachments".* FROM "active_storage_attachments" WHERE "active_storage_attachments"."record_id" = $1 AND "active_storage_attachments"."record_type" = $2 AND "active_storage_attachments"."name" = $3 LIMIT $4[0m  [["record_id", 1], ["record_type", "Script"], ["name", "cover_image"], ["LIMIT", 1]]
  ↳ app/controllers/api/v1/scripts_controller.rb:58:in `script_json'
  [1m[36mActiveStorage::Blob Load (0.1ms)[0m  [1m[34mSELECT "active_storage_blobs".* FROM "active_storage_blobs" WHERE "active_storage_blobs"."id" = $1 LIMIT $2[0m  [["id", 1], ["LIMIT", 1]]
  ↳ app/controllers/api/v1/scripts_controller.rb:58:in `script_json'
Completed 200 OK in 4ms (Views: 0.1ms | ActiveRecord: 0.4ms (3 queries, 0 cached) | GC: 0.0ms)


Started GET "/api/v1/scripts?difficulty=medium" for ::1 at 2026-05-06 12:03:04 +0800
Processing by Api::V1::ScriptsController#index as */*
  Parameters: {"difficulty"=>"medium", "script"=>{}}
  [1m[36mScript Load (0.3ms)[0m  [1m[34mSELECT "scripts".* FROM "scripts" WHERE "scripts"."difficulty" = $1[0m  [["difficulty", 1]]
  ↳ app/controllers/api/v1/scripts_controller.rb:11:in `map'
Completed 200 OK in 1ms (Views: 0.1ms | ActiveRecord: 0.3ms (1 query, 0 cached) | GC: 0.0ms)


Started GET "/api/v1/scripts?difficulty=hard" for ::1 at 2026-05-06 12:03:04 +0800
Processing by Api::V1::ScriptsController#index as */*
  Parameters: {"difficulty"=>"hard", "script"=>{}}
  [1m[36mScript Load (0.2ms)[0m  [1m[34mSELECT "scripts".* FROM "scripts" WHERE "scripts"."difficulty" = $1[0m  [["difficulty", 2]]
  ↳ app/controllers/api/v1/scripts_controller.rb:11:in `map'
Completed 200 OK in 1ms (Views: 0.1ms | ActiveRecord: 0.2ms (1 query, 0 cached) | GC: 0.0ms)


Started GET "/api/v1/scripts" for ::1 at 2026-05-06 12:03:06 +0800
Processing by Api::V1::ScriptsController#index as */*
  Parameters: {"script"=>{}}
  [1m[36mScript Load (0.3ms)[0m  [1m[34mSELECT "scripts".* FROM "scripts"[0m
  ↳ app/controllers/api/v1/scripts_controller.rb:11:in `map'
  [1m[36mActiveStorage::Attachment Load (0.2ms)[0m  [1m[34mSELECT "active_storage_attachments".* FROM "active_storage_attachments" WHERE "active_storage_attachments"."record_id" = $1 AND "active_storage_attachments"."record_type" = $2 AND "active_storage_attachments"."name" = $3 LIMIT $4[0m  [["record_id", 1], ["record_type", "Script"], ["name", "cover_image"], ["LIMIT", 1]]
  ↳ app/controllers/api/v1/scripts_controller.rb:58:in `script_json'
  [1m[36mActiveStorage::Blob Load (0.1ms)[0m  [1m[34mSELECT "active_storage_blobs".* FROM "active_storage_blobs" WHERE "active_storage_blobs"."id" = $1 LIMIT $2[0m  [["id", 1], ["LIMIT", 1]]
  ↳ app/controllers/api/v1/scripts_controller.rb:58:in `script_json'
Completed 200 OK in 13ms (Views: 0.1ms | ActiveRecord: 0.7ms (3 queries, 0 cached) | GC: 9.1ms)


Started GET "/api/v1/scripts/1" for ::1 at 2026-05-06 12:03:14 +0800
Processing by Api::V1::ScriptsController#show as */*
  Parameters: {"id"=>"1", "script"=>{}}
  [1m[36mScript Load (0.2ms)[0m  [1m[34mSELECT "scripts".* FROM "scripts" WHERE "scripts"."id" = $1 LIMIT $2[0m  [["id", 1], ["LIMIT", 1]]
  ↳ app/controllers/api/v1/scripts_controller.rb:15:in `show'
  [1m[36mActiveStorage::Attachment Load (0.1ms)[0m  [1m[34mSELECT "active_storage_attachments".* FROM "active_storage_attachments" WHERE "active_storage_attachments"."record_id" = $1 AND "active_storage_attachments"."record_type" = $2 AND "active_storage_attachments"."name" = $3 LIMIT $4[0m  [["record_id", 1], ["record_type", "Script"], ["name", "cover_image"], ["LIMIT", 1]]
  ↳ app/controllers/api/v1/scripts_controller.rb:58:in `script_json'
  [1m[36mActiveStorage::Blob Load (0.1ms)[0m  [1m[34mSELECT "active_storage_blobs".* FROM "active_storage_blobs" WHERE "active_storage_blobs"."id" = $1 LIMIT $2[0m  [["id", 1], ["LIMIT", 1]]
  ↳ app/controllers/api/v1/scripts_controller.rb:58:in `script_json'
Completed 200 OK in 4ms (Views: 0.1ms | ActiveRecord: 0.3ms (3 queries, 0 cached) | GC: 0.9ms)


Started GET "/api/v1/scripts/1" for ::1 at 2026-05-06 12:03:14 +0800
Processing by Api::V1::ScriptsController#show as */*
  Parameters: {"id"=>"1", "script"=>{}}
  [1m[36mScript Load (0.3ms)[0m  [1m[34mSELECT "scripts".* FROM "scripts" WHERE "scripts"."id" = $1 LIMIT $2[0m  [["id", 1], ["LIMIT", 1]]
  ↳ app/controllers/api/v1/scripts_controller.rb:15:in `show'
  [1m[36mActiveStorage::Attachment Load (0.1ms)[0m  [1m[34mSELECT "active_storage_attachments".* FROM "active_storage_attachments" WHERE "active_storage_attachments"."record_id" = $1 AND "active_storage_attachments"."record_type" = $2 AND "active_storage_attachments"."name" = $3 LIMIT $4[0m  [["record_id", 1], ["record_type", "Script"], ["name", "cover_image"], ["LIMIT", 1]]
  ↳ app/controllers/api/v1/scripts_controller.rb:58:in `script_json'
  [1m[36mActiveStorage::Blob Load (0.1ms)[0m  [1m[34mSELECT "active_storage_blobs".* FROM "active_storage_blobs" WHERE "active_storage_blobs"."id" = $1 LIMIT $2[0m  [["id", 1], ["LIMIT", 1]]
  ↳ app/controllers/api/v1/scripts_controller.rb:58:in `script_json'
Completed 200 OK in 3ms (Views: 0.1ms | ActiveRecord: 0.5ms (3 queries, 0 cached) | GC: 0.8ms)


Started GET "/api/v1/scripts" for ::1 at 2026-05-06 12:03:28 +0800
Processing by Api::V1::ScriptsController#index as */*
  Parameters: {"script"=>{}}
  [1m[36mScript Load (0.3ms)[0m  [1m[34mSELECT "scripts".* FROM "scripts"[0m
  ↳ app/controllers/api/v1/scripts_controller.rb:11:in `map'
  [1m[36mActiveStorage::Attachment Load (0.4ms)[0m  [1m[34mSELECT "active_storage_attachments".* FROM "active_storage_attachments" WHERE "active_storage_attachments"."record_id" = $1 AND "active_storage_attachments"."record_type" = $2 AND "active_storage_attachments"."name" = $3 LIMIT $4[0m  [["record_id", 1], ["record_type", "Script"], ["name", "cover_image"], ["LIMIT", 1]]
  ↳ app/controllers/api/v1/scripts_controller.rb:58:in `script_json'
  [1m[36mActiveStorage::Blob Load (0.1ms)[0m  [1m[34mSELECT "active_storage_blobs".* FROM "active_storage_blobs" WHERE "active_storage_blobs"."id" = $1 LIMIT $2[0m  [["id", 1], ["LIMIT", 1]]
  ↳ app/controllers/api/v1/scripts_controller.rb:58:in `script_json'
Completed 200 OK in 3ms (Views: 0.1ms | ActiveRecord: 0.7ms (3 queries, 0 cached) | GC: 0.0ms)


Started GET "/api/v1/scripts" for ::1 at 2026-05-06 12:03:28 +0800
Processing by Api::V1::ScriptsController#index as */*
  Parameters: {"script"=>{}}
  [1m[36mScript Load (0.3ms)[0m  [1m[34mSELECT "scripts".* FROM "scripts"[0m
  ↳ app/controllers/api/v1/scripts_controller.rb:11:in `map'
  [1m[36mActiveStorage::Attachment Load (0.2ms)[0m  [1m[34mSELECT "active_storage_attachments".* FROM "active_storage_attachments" WHERE "active_storage_attachments"."record_id" = $1 AND "active_storage_attachments"."record_type" = $2 AND "active_storage_attachments"."name" = $3 LIMIT $4[0m  [["record_id", 1], ["record_type", "Script"], ["name", "cover_image"], ["LIMIT", 1]]
  ↳ app/controllers/api/v1/scripts_controller.rb:58:in `script_json'
  [1m[36mActiveStorage::Blob Load (0.1ms)[0m  [1m[34mSELECT "active_storage_blobs".* FROM "active_storage_blobs" WHERE "active_storage_blobs"."id" = $1 LIMIT $2[0m  [["id", 1], ["LIMIT", 1]]
  ↳ app/controllers/api/v1/scripts_controller.rb:58:in `script_json'
Completed 200 OK in 3ms (Views: 0.1ms | ActiveRecord: 0.6ms (3 queries, 0 cached) | GC: 0.0ms)


Started GET "/api/v1/scripts/1" for ::1 at 2026-05-06 12:03:30 +0800
Processing by Api::V1::ScriptsController#show as */*
  Parameters: {"id"=>"1", "script"=>{}}
  [1m[36mScript Load (0.3ms)[0m  [1m[34mSELECT "scripts".* FROM "scripts" WHERE "scripts"."id" = $1 LIMIT $2[0m  [["id", 1], ["LIMIT", 1]]
  ↳ app/controllers/api/v1/scripts_controller.rb:15:in `show'
  [1m[36mActiveStorage::Attachment Load (0.2ms)[0m  [1m[34mSELECT "active_storage_attachments".* FROM "active_storage_attachments" WHERE "active_storage_attachments"."record_id" = $1 AND "active_storage_attachments"."record_type" = $2 AND "active_storage_attachments"."name" = $3 LIMIT $4[0m  [["record_id", 1], ["record_type", "Script"], ["name", "cover_image"], ["LIMIT", 1]]
  ↳ app/controllers/api/v1/scripts_controller.rb:58:in `script_json'
  [1m[36mActiveStorage::Blob Load (0.1ms)[0m  [1m[34mSELECT "active_storage_blobs".* FROM "active_storage_blobs" WHERE "active_storage_blobs"."id" = $1 LIMIT $2[0m  [["id", 1], ["LIMIT", 1]]
  ↳ app/controllers/api/v1/scripts_controller.rb:58:in `script_json'
Completed 200 OK in 4ms (Views: 0.1ms | ActiveRecord: 0.6ms (3 queries, 0 cached) | GC: 0.3ms)


Started GET "/api/v1/scripts/1" for ::1 at 2026-05-06 12:03:30 +0800
Processing by Api::V1::ScriptsController#show as */*
  Parameters: {"id"=>"1", "script"=>{}}
  [1m[36mScript Load (0.3ms)[0m  [1m[34mSELECT "scripts".* FROM "scripts" WHERE "scripts"."id" = $1 LIMIT $2[0m  [["id", 1], ["LIMIT", 1]]
  ↳ app/controllers/api/v1/scripts_controller.rb:15:in `show'
  [1m[36mActiveStorage::Attachment Load (0.1ms)[0m  [1m[34mSELECT "active_storage_attachments".* FROM "active_storage_attachments" WHERE "active_storage_attachments"."record_id" = $1 AND "active_storage_attachments"."record_type" = $2 AND "active_storage_attachments"."name" = $3 LIMIT $4[0m  [["record_id", 1], ["record_type", "Script"], ["name", "cover_image"], ["LIMIT", 1]]
  ↳ app/controllers/api/v1/scripts_controller.rb:58:in `script_json'
  [1m[36mActiveStorage::Blob Load (0.1ms)[0m  [1m[34mSELECT "active_storage_blobs".* FROM "active_storage_blobs" WHERE "active_storage_blobs"."id" = $1 LIMIT $2[0m  [["id", 1], ["LIMIT", 1]]
  ↳ app/controllers/api/v1/scripts_controller.rb:58:in `script_json'
Completed 200 OK in 2ms (Views: 0.1ms | ActiveRecord: 0.4ms (3 queries, 0 cached) | GC: 0.0ms)


Started GET "/api/v1/scripts" for ::1 at 2026-05-06 12:03:33 +0800
Processing by Api::V1::ScriptsController#index as */*
  Parameters: {"script"=>{}}
  [1m[36mScript Load (0.4ms)[0m  [1m[34mSELECT "scripts".* FROM "scripts"[0m
  ↳ app/controllers/api/v1/scripts_controller.rb:11:in `map'
  [1m[36mActiveStorage::Attachment Load (0.2ms)[0m  [1m[34mSELECT "active_storage_attachments".* FROM "active_storage_attachments" WHERE "active_storage_attachments"."record_id" = $1 AND "active_storage_attachments"."record_type" = $2 AND "active_storage_attachments"."name" = $3 LIMIT $4[0m  [["record_id", 1], ["record_type", "Script"], ["name", "cover_image"], ["LIMIT", 1]]
  ↳ app/controllers/api/v1/scripts_controller.rb:58:in `script_json'
  [1m[36mActiveStorage::Blob Load (0.1ms)[0m  [1m[34mSELECT "active_storage_blobs".* FROM "active_storage_blobs" WHERE "active_storage_blobs"."id" = $1 LIMIT $2[0m  [["id", 1], ["LIMIT", 1]]
  ↳ app/controllers/api/v1/scripts_controller.rb:58:in `script_json'
Completed 200 OK in 3ms (Views: 0.1ms | ActiveRecord: 0.7ms (3 queries, 0 cached) | GC: 0.4ms)


Started GET "/api/v1/scripts" for ::1 at 2026-05-06 12:03:33 +0800
Processing by Api::V1::ScriptsController#index as */*
  Parameters: {"script"=>{}}
  [1m[36mScript Load (0.3ms)[0m  [1m[34mSELECT "scripts".* FROM "scripts"[0m
  ↳ app/controllers/api/v1/scripts_controller.rb:11:in `map'
  [1m[36mActiveStorage::Attachment Load (0.1ms)[0m  [1m[34mSELECT "active_storage_attachments".* FROM "active_storage_attachments" WHERE "active_storage_attachments"."record_id" = $1 AND "active_storage_attachments"."record_type" = $2 AND "active_storage_attachments"."name" = $3 LIMIT $4[0m  [["record_id", 1], ["record_type", "Script"], ["name", "cover_image"], ["LIMIT", 1]]
  ↳ app/controllers/api/v1/scripts_controller.rb:58:in `script_json'
  [1m[36mActiveStorage::Blob Load (0.1ms)[0m  [1m[34mSELECT "active_storage_blobs".* FROM "active_storage_blobs" WHERE "active_storage_blobs"."id" = $1 LIMIT $2[0m  [["id", 1], ["LIMIT", 1]]
  ↳ app/controllers/api/v1/scripts_controller.rb:58:in `script_json'
Completed 200 OK in 3ms (Views: 0.1ms | ActiveRecord: 0.5ms (3 queries, 0 cached) | GC: 0.0ms)


Started GET "/api/v1/scripts/1" for ::1 at 2026-05-06 12:04:10 +0800
Processing by Api::V1::ScriptsController#show as */*
  Parameters: {"id"=>"1", "script"=>{}}
  [1m[36mScript Load (0.7ms)[0m  [1m[34mSELECT "scripts".* FROM "scripts" WHERE "scripts"."id" = $1 LIMIT $2[0m  [["id", 1], ["LIMIT", 1]]
  ↳ app/controllers/api/v1/scripts_controller.rb:15:in `show'
  [1m[36mActiveStorage::Attachment Load (0.5ms)[0m  [1m[34mSELECT "active_storage_attachments".* FROM "active_storage_attachments" WHERE "active_storage_attachments"."record_id" = $1 AND "active_storage_attachments"."record_type" = $2 AND "active_storage_attachments"."name" = $3 LIMIT $4[0m  [["record_id", 1], ["record_type", "Script"], ["name", "cover_image"], ["LIMIT", 1]]
  ↳ app/controllers/api/v1/scripts_controller.rb:58:in `script_json'
  [1m[36mActiveStorage::Blob Load (0.2ms)[0m  [1m[34mSELECT "active_storage_blobs".* FROM "active_storage_blobs" WHERE "active_storage_blobs"."id" = $1 LIMIT $2[0m  [["id", 1], ["LIMIT", 1]]
  ↳ app/controllers/api/v1/scripts_controller.rb:58:in `script_json'
Completed 200 OK in 9ms (Views: 0.1ms | ActiveRecord: 1.4ms (3 queries, 0 cached) | GC: 0.3ms)


Started GET "/api/v1/scripts/1" for ::1 at 2026-05-06 12:04:10 +0800
Processing by Api::V1::ScriptsController#show as */*
  Parameters: {"id"=>"1", "script"=>{}}
  [1m[36mScript Load (0.3ms)[0m  [1m[34mSELECT "scripts".* FROM "scripts" WHERE "scripts"."id" = $1 LIMIT $2[0m  [["id", 1], ["LIMIT", 1]]
  ↳ app/controllers/api/v1/scripts_controller.rb:15:in `show'
  [1m[36mActiveStorage::Attachment Load (0.1ms)[0m  [1m[34mSELECT "active_storage_attachments".* FROM "active_storage_attachments" WHERE "active_storage_attachments"."record_id" = $1 AND "active_storage_attachments"."record_type" = $2 AND "active_storage_attachments"."name" = $3 LIMIT $4[0m  [["record_id", 1], ["record_type", "Script"], ["name", "cover_image"], ["LIMIT", 1]]
  ↳ app/controllers/api/v1/scripts_controller.rb:58:in `script_json'
  [1m[36mActiveStorage::Blob Load (0.1ms)[0m  [1m[34mSELECT "active_storage_blobs".* FROM "active_storage_blobs" WHERE "active_storage_blobs"."id" = $1 LIMIT $2[0m  [["id", 1], ["LIMIT", 1]]
  ↳ app/controllers/api/v1/scripts_controller.rb:58:in `script_json'
Completed 200 OK in 3ms (Views: 0.1ms | ActiveRecord: 0.5ms (3 queries, 0 cached) | GC: 0.0ms)


Started GET "/api/v1/scripts" for ::1 at 2026-05-06 12:04:13 +0800
Processing by Api::V1::ScriptsController#index as */*
  Parameters: {"script"=>{}}
  [1m[36mScript Load (0.5ms)[0m  [1m[34mSELECT "scripts".* FROM "scripts"[0m
  ↳ app/controllers/api/v1/scripts_controller.rb:11:in `map'
  [1m[36mActiveStorage::Attachment Load (0.2ms)[0m  [1m[34mSELECT "active_storage_attachments".* FROM "active_storage_attachments" WHERE "active_storage_attachments"."record_id" = $1 AND "active_storage_attachments"."record_type" = $2 AND "active_storage_attachments"."name" = $3 LIMIT $4[0m  [["record_id", 1], ["record_type", "Script"], ["name", "cover_image"], ["LIMIT", 1]]
  ↳ app/controllers/api/v1/scripts_controller.rb:58:in `script_json'
  [1m[36mActiveStorage::Blob Load (0.2ms)[0m  [1m[34mSELECT "active_storage_blobs".* FROM "active_storage_blobs" WHERE "active_storage_blobs"."id" = $1 LIMIT $2[0m  [["id", 1], ["LIMIT", 1]]
  ↳ app/controllers/api/v1/scripts_controller.rb:58:in `script_json'
Completed 200 OK in 5ms (Views: 0.1ms | ActiveRecord: 0.8ms (3 queries, 0 cached) | GC: 0.3ms)


Started GET "/api/v1/scripts" for ::1 at 2026-05-06 12:04:13 +0800
Processing by Api::V1::ScriptsController#index as */*
  Parameters: {"script"=>{}}
  [1m[36mScript Load (0.3ms)[0m  [1m[34mSELECT "scripts".* FROM "scripts"[0m
  ↳ app/controllers/api/v1/scripts_controller.rb:11:in `map'
  [1m[36mActiveStorage::Attachment Load (0.1ms)[0m  [1m[34mSELECT "active_storage_attachments".* FROM "active_storage_attachments" WHERE "active_storage_attachments"."record_id" = $1 AND "active_storage_attachments"."record_type" = $2 AND "active_storage_attachments"."name" = $3 LIMIT $4[0m  [["record_id", 1], ["record_type", "Script"], ["name", "cover_image"], ["LIMIT", 1]]
  ↳ app/controllers/api/v1/scripts_controller.rb:58:in `script_json'
  [1m[36mActiveStorage::Blob Load (0.1ms)[0m  [1m[34mSELECT "active_storage_blobs".* FROM "active_storage_blobs" WHERE "active_storage_blobs"."id" = $1 LIMIT $2[0m  [["id", 1], ["LIMIT", 1]]
  ↳ app/controllers/api/v1/scripts_controller.rb:58:in `script_json'
Completed 200 OK in 4ms (Views: 0.1ms | ActiveRecord: 0.5ms (3 queries, 0 cached) | GC: 0.0ms)


Started GET "/api/v1/events" for ::1 at 2026-05-06 12:04:20 +0800
Processing by Api::V1::EventsController#index as */*
  Parameters: {"event"=>{}}
  [1m[36mEvent Load (56.8ms)[0m  [1m[34mSELECT "events".* FROM "events"[0m
  ↳ app/controllers/api/v1/events_controller.rb:14:in `map'
Completed 200 OK in 59ms (Views: 0.3ms | ActiveRecord: 56.7ms (1 query, 0 cached) | GC: 0.0ms)


Started GET "/api/v1/events" for ::1 at 2026-05-06 12:04:20 +0800
Processing by Api::V1::EventsController#index as */*
  Parameters: {"event"=>{}}
  [1m[36mEvent Load (0.2ms)[0m  [1m[34mSELECT "events".* FROM "events"[0m
  ↳ app/controllers/api/v1/events_controller.rb:14:in `map'
Completed 200 OK in 2ms (Views: 0.1ms | ActiveRecord: 0.2ms (1 query, 0 cached) | GC: 0.0ms)


Started GET "/api/v1/scripts" for ::1 at 2026-05-06 12:04:21 +0800
Processing by Api::V1::ScriptsController#index as */*
  Parameters: {"script"=>{}}
  [1m[36mScript Load (0.3ms)[0m  [1m[34mSELECT "scripts".* FROM "scripts"[0m
  ↳ app/controllers/api/v1/scripts_controller.rb:11:in `map'
  [1m[36mActiveStorage::Attachment Load (0.2ms)[0m  [1m[34mSELECT "active_storage_attachments".* FROM "active_storage_attachments" WHERE "active_storage_attachments"."record_id" = $1 AND "active_storage_attachments"."record_type" = $2 AND "active_storage_attachments"."name" = $3 LIMIT $4[0m  [["record_id", 1], ["record_type", "Script"], ["name", "cover_image"], ["LIMIT", 1]]
  ↳ app/controllers/api/v1/scripts_controller.rb:58:in `script_json'
  [1m[36mActiveStorage::Blob Load (0.1ms)[0m  [1m[34mSELECT "active_storage_blobs".* FROM "active_storage_blobs" WHERE "active_storage_blobs"."id" = $1 LIMIT $2[0m  [["id", 1], ["LIMIT", 1]]
  ↳ app/controllers/api/v1/scripts_controller.rb:58:in `script_json'
Completed 200 OK in 4ms (Views: 0.1ms | ActiveRecord: 0.6ms (3 queries, 0 cached) | GC: 0.0ms)


Started GET "/api/v1/scripts" for ::1 at 2026-05-06 12:04:21 +0800
Processing by Api::V1::ScriptsController#index as */*
  Parameters: {"script"=>{}}
  [1m[36mScript Load (0.3ms)[0m  [1m[34mSELECT "scripts".* FROM "scripts"[0m
  ↳ app/controllers/api/v1/scripts_controller.rb:11:in `map'
  [1m[36mActiveStorage::Attachment Load (0.1ms)[0m  [1m[34mSELECT "active_storage_attachments".* FROM "active_storage_attachments" WHERE "active_storage_attachments"."record_id" = $1 AND "active_storage_attachments"."record_type" = $2 AND "active_storage_attachments"."name" = $3 LIMIT $4[0m  [["record_id", 1], ["record_type", "Script"], ["name", "cover_image"], ["LIMIT", 1]]
  ↳ app/controllers/api/v1/scripts_controller.rb:58:in `script_json'
  [1m[36mActiveStorage::Blob Load (0.1ms)[0m  [1m[34mSELECT "active_storage_blobs".* FROM "active_storage_blobs" WHERE "active_storage_blobs"."id" = $1 LIMIT $2[0m  [["id", 1], ["LIMIT", 1]]
  ↳ app/controllers/api/v1/scripts_controller.rb:58:in `script_json'
Completed 200 OK in 2ms (Views: 0.1ms | ActiveRecord: 0.5ms (3 queries, 0 cached) | GC: 0.0ms)


Started GET "/api/v1/scripts/1" for ::1 at 2026-05-06 12:04:39 +0800
Processing by Api::V1::ScriptsController#show as */*
  Parameters: {"id"=>"1", "script"=>{}}
  [1m[36mScript Load (0.1ms)[0m  [1m[34mSELECT "scripts".* FROM "scripts" WHERE "scripts"."id" = $1 LIMIT $2[0m  [["id", 1], ["LIMIT", 1]]
  ↳ app/controllers/api/v1/scripts_controller.rb:15:in `show'
  [1m[36mActiveStorage::Attachment Load (0.1ms)[0m  [1m[34mSELECT "active_storage_attachments".* FROM "active_storage_attachments" WHERE "active_storage_attachments"."record_id" = $1 AND "active_storage_attachments"."record_type" = $2 AND "active_storage_attachments"."name" = $3 LIMIT $4[0m  [["record_id", 1], ["record_type", "Script"], ["name", "cover_image"], ["LIMIT", 1]]
  ↳ app/controllers/api/v1/scripts_controller.rb:58:in `script_json'
  [1m[36mActiveStorage::Blob Load (0.1ms)[0m  [1m[34mSELECT "active_storage_blobs".* FROM "active_storage_blobs" WHERE "active_storage_blobs"."id" = $1 LIMIT $2[0m  [["id", 1], ["LIMIT", 1]]
  ↳ app/controllers/api/v1/scripts_controller.rb:58:in `script_json'
Completed 200 OK in 2ms (Views: 0.1ms | ActiveRecord: 0.3ms (3 queries, 0 cached) | GC: 0.0ms)


Started GET "/api/v1/scripts/1" for ::1 at 2026-05-06 12:04:39 +0800
Processing by Api::V1::ScriptsController#show as */*
  Parameters: {"id"=>"1", "script"=>{}}
  [1m[36mScript Load (0.4ms)[0m  [1m[34mSELECT "scripts".* FROM "scripts" WHERE "scripts"."id" = $1 LIMIT $2[0m  [["id", 1], ["LIMIT", 1]]
  ↳ app/controllers/api/v1/scripts_controller.rb:15:in `show'
  [1m[36mActiveStorage::Attachment Load (0.1ms)[0m  [1m[34mSELECT "active_storage_attachments".* FROM "active_storage_attachments" WHERE "active_storage_attachments"."record_id" = $1 AND "active_storage_attachments"."record_type" = $2 AND "active_storage_attachments"."name" = $3 LIMIT $4[0m  [["record_id", 1], ["record_type", "Script"], ["name", "cover_image"], ["LIMIT", 1]]
  ↳ app/controllers/api/v1/scripts_controller.rb:58:in `script_json'
  [1m[36mActiveStorage::Blob Load (0.1ms)[0m  [1m[34mSELECT "active_storage_blobs".* FROM "active_storage_blobs" WHERE "active_storage_blobs"."id" = $1 LIMIT $2[0m  [["id", 1], ["LIMIT", 1]]
  ↳ app/controllers/api/v1/scripts_controller.rb:58:in `script_json'
Completed 200 OK in 3ms (Views: 0.1ms | ActiveRecord: 0.6ms (3 queries, 0 cached) | GC: 0.0ms)


Started GET "/api/v1/scripts" for ::1 at 2026-05-06 12:04:40 +0800
Processing by Api::V1::ScriptsController#index as */*
  Parameters: {"script"=>{}}
  [1m[36mScript Load (0.3ms)[0m  [1m[34mSELECT "scripts".* FROM "scripts"[0m
  ↳ app/controllers/api/v1/scripts_controller.rb:11:in `map'
  [1m[36mActiveStorage::Attachment Load (0.1ms)[0m  [1m[34mSELECT "active_storage_attachments".* FROM "active_storage_attachments" WHERE "active_storage_attachments"."record_id" = $1 AND "active_storage_attachments"."record_type" = $2 AND "active_storage_attachments"."name" = $3 LIMIT $4[0m  [["record_id", 1], ["record_type", "Script"], ["name", "cover_image"], ["LIMIT", 1]]
  ↳ app/controllers/api/v1/scripts_controller.rb:58:in `script_json'
  [1m[36mActiveStorage::Blob Load (0.1ms)[0m  [1m[34mSELECT "active_storage_blobs".* FROM "active_storage_blobs" WHERE "active_storage_blobs"."id" = $1 LIMIT $2[0m  [["id", 1], ["LIMIT", 1]]
  ↳ app/controllers/api/v1/scripts_controller.rb:58:in `script_json'
Completed 200 OK in 3ms (Views: 0.1ms | ActiveRecord: 0.5ms (3 queries, 0 cached) | GC: 0.0ms)


Started GET "/api/v1/scripts" for ::1 at 2026-05-06 12:04:40 +0800
Processing by Api::V1::ScriptsController#index as */*
  Parameters: {"script"=>{}}
  [1m[36mScript Load (0.3ms)[0m  [1m[34mSELECT "scripts".* FROM "scripts"[0m
  ↳ app/controllers/api/v1/scripts_controller.rb:11:in `map'
  [1m[36mActiveStorage::Attachment Load (0.1ms)[0m  [1m[34mSELECT "active_storage_attachments".* FROM "active_storage_attachments" WHERE "active_storage_attachments"."record_id" = $1 AND "active_storage_attachments"."record_type" = $2 AND "active_storage_attachments"."name" = $3 LIMIT $4[0m  [["record_id", 1], ["record_type", "Script"], ["name", "cover_image"], ["LIMIT", 1]]
  ↳ app/controllers/api/v1/scripts_controller.rb:58:in `script_json'
  [1m[36mActiveStorage::Blob Load (0.1ms)[0m  [1m[34mSELECT "active_storage_blobs".* FROM "active_storage_blobs" WHERE "active_storage_blobs"."id" = $1 LIMIT $2[0m  [["id", 1], ["LIMIT", 1]]
  ↳ app/controllers/api/v1/scripts_controller.rb:58:in `script_json'
Completed 200 OK in 2ms (Views: 0.1ms | ActiveRecord: 0.5ms (3 queries, 0 cached) | GC: 0.0ms)


Started GET "/api/v1/scripts" for ::1 at 2026-05-06 12:04:52 +0800
Processing by Api::V1::ScriptsController#index as */*
  Parameters: {"script"=>{}}
  [1m[36mScript Load (2.6ms)[0m  [1m[34mSELECT "scripts".* FROM "scripts"[0m
  ↳ app/controllers/api/v1/scripts_controller.rb:11:in `map'
  [1m[36mActiveStorage::Attachment Load (0.7ms)[0m  [1m[34mSELECT "active_storage_attachments".* FROM "active_storage_attachments" WHERE "active_storage_attachments"."record_id" = $1 AND "active_storage_attachments"."record_type" = $2 AND "active_storage_attachments"."name" = $3 LIMIT $4[0m  [["record_id", 1], ["record_type", "Script"], ["name", "cover_image"], ["LIMIT", 1]]
  ↳ app/controllers/api/v1/scripts_controller.rb:58:in `script_json'
  [1m[36mActiveStorage::Blob Load (0.3ms)[0m  [1m[34mSELECT "active_storage_blobs".* FROM "active_storage_blobs" WHERE "active_storage_blobs"."id" = $1 LIMIT $2[0m  [["id", 1], ["LIMIT", 1]]
  ↳ app/controllers/api/v1/scripts_controller.rb:58:in `script_json'
Completed 200 OK in 16ms (Views: 0.1ms | ActiveRecord: 3.5ms (3 queries, 0 cached) | GC: 3.3ms)


Started GET "/api/v1/scripts" for ::1 at 2026-05-06 12:05:46 +0800
Processing by Api::V1::ScriptsController#index as */*
  Parameters: {"script"=>{}}
  [1m[36mScript Load (0.7ms)[0m  [1m[34mSELECT "scripts".* FROM "scripts"[0m
  ↳ app/controllers/api/v1/scripts_controller.rb:11:in `map'
  [1m[36mActiveStorage::Attachment Load (0.3ms)[0m  [1m[34mSELECT "active_storage_attachments".* FROM "active_storage_attachments" WHERE "active_storage_attachments"."record_id" = $1 AND "active_storage_attachments"."record_type" = $2 AND "active_storage_attachments"."name" = $3 LIMIT $4[0m  [["record_id", 1], ["record_type", "Script"], ["name", "cover_image"], ["LIMIT", 1]]
  ↳ app/controllers/api/v1/scripts_controller.rb:58:in `script_json'
  [1m[36mActiveStorage::Blob Load (0.1ms)[0m  [1m[34mSELECT "active_storage_blobs".* FROM "active_storage_blobs" WHERE "active_storage_blobs"."id" = $1 LIMIT $2[0m  [["id", 1], ["LIMIT", 1]]
  ↳ app/controllers/api/v1/scripts_controller.rb:58:in `script_json'
Completed 200 OK in 7ms (Views: 0.2ms | ActiveRecord: 1.0ms (3 queries, 0 cached) | GC: 1.0ms)


Started GET "/api/v1/scripts" for ::1 at 2026-05-06 12:05:46 +0800
Started GET "/rails/active_storage/disk/eyJfcmFpbHMiOnsiZGF0YSI6eyJrZXkiOiJscTF4eG95NzN1MG1rajRxdTlsZXBuMXBucDE4IiwiZGlzcG9zaXRpb24iOiJpbmxpbmU7IGZpbGVuYW1lPVwiU2NyZWVuc2hvdCAyMDI2LTA1LTA2IGF0IDEyLjAxLjMxJTNGUE0ucG5nXCI7IGZpbGVuYW1lKj1VVEYtOCcnU2NyZWVuc2hvdCUyMDIwMjYtMDUtMDYlMjBhdCUyMDEyLjAxLjMxJUUyJTgwJUFGUE0ucG5nIiwiY29udGVudF90eXBlIjoiaW1hZ2UvcG5nIiwic2VydmljZV9uYW1lIjoibG9jYWwifSwiZXhwIjoiMjAyNi0wNS0wNlQwNDowNjo0Ny4zOTFaIiwicHVyIjoiYmxvYl9rZXkifX0=--8efbac1e84aff79bce91c1b19e7e3fce3cb043c8/Screenshot%202026-05-06%20at%2012.01.31%E2%80%AFPM.png" for ::1 at 2026-05-06 12:05:46 +0800
Processing by Api::V1::ScriptsController#index as */*
  Parameters: {"script"=>{}}
  [1m[36mScript Load (0.2ms)[0m  [1m[34mSELECT "scripts".* FROM "scripts"[0m
  ↳ app/controllers/api/v1/scripts_controller.rb:11:in `map'
  [1m[36mActiveStorage::Attachment Load (0.1ms)[0m  [1m[34mSELECT "active_storage_attachments".* FROM "active_storage_attachments" WHERE "active_storage_attachments"."record_id" = $1 AND "active_storage_attachments"."record_type" = $2 AND "active_storage_attachments"."name" = $3 LIMIT $4[0m  [["record_id", 1], ["record_type", "Script"], ["name", "cover_image"], ["LIMIT", 1]]
  ↳ app/controllers/api/v1/scripts_controller.rb:58:in `script_json'
  [1m[36mActiveStorage::Blob Load (0.1ms)[0m  [1m[34mSELECT "active_storage_blobs".* FROM "active_storage_blobs" WHERE "active_storage_blobs"."id" = $1 LIMIT $2[0m  [["id", 1], ["LIMIT", 1]]
  ↳ app/controllers/api/v1/scripts_controller.rb:58:in `script_json'
Completed 200 OK in 3ms (Views: 0.1ms | ActiveRecord: 0.4ms (3 queries, 0 cached) | GC: 0.6ms)


Processing by ActiveStorage::DiskController#show as PNG
  Parameters: {"encoded_key"=>"[FILTERED]", "filename"=>"Screenshot 2026-05-06 at 12.01.31 PM"}
Completed 304 Not Modified in 0ms (ActiveRecord: 0.0ms (0 queries, 0 cached) | GC: 0.0ms)


Started GET "/api/v1/scripts/1" for ::1 at 2026-05-06 12:05:47 +0800
Processing by Api::V1::ScriptsController#show as */*
  Parameters: {"id"=>"1", "script"=>{}}
  [1m[36mScript Load (0.2ms)[0m  [1m[34mSELECT "scripts".* FROM "scripts" WHERE "scripts"."id" = $1 LIMIT $2[0m  [["id", 1], ["LIMIT", 1]]
  ↳ app/controllers/api/v1/scripts_controller.rb:15:in `show'
  [1m[36mActiveStorage::Attachment Load (0.1ms)[0m  [1m[34mSELECT "active_storage_attachments".* FROM "active_storage_attachments" WHERE "active_storage_attachments"."record_id" = $1 AND "active_storage_attachments"."record_type" = $2 AND "active_storage_attachments"."name" = $3 LIMIT $4[0m  [["record_id", 1], ["record_type", "Script"], ["name", "cover_image"], ["LIMIT", 1]]
  ↳ app/controllers/api/v1/scripts_controller.rb:58:in `script_json'
  [1m[36mActiveStorage::Blob Load (0.1ms)[0m  [1m[34mSELECT "active_storage_blobs".* FROM "active_storage_blobs" WHERE "active_storage_blobs"."id" = $1 LIMIT $2[0m  [["id", 1], ["LIMIT", 1]]
  ↳ app/controllers/api/v1/scripts_controller.rb:58:in `script_json'
Completed 200 OK in 3ms (Views: 0.1ms | ActiveRecord: 0.4ms (3 queries, 0 cached) | GC: 0.3ms)


Started GET "/api/v1/scripts/1" for ::1 at 2026-05-06 12:05:47 +0800
Processing by Api::V1::ScriptsController#show as */*
  Parameters: {"id"=>"1", "script"=>{}}
  [1m[36mScript Load (0.2ms)[0m  [1m[34mSELECT "scripts".* FROM "scripts" WHERE "scripts"."id" = $1 LIMIT $2[0m  [["id", 1], ["LIMIT", 1]]
  ↳ app/controllers/api/v1/scripts_controller.rb:15:in `show'
  [1m[36mActiveStorage::Attachment Load (0.1ms)[0m  [1m[34mSELECT "active_storage_attachments".* FROM "active_storage_attachments" WHERE "active_storage_attachments"."record_id" = $1 AND "active_storage_attachments"."record_type" = $2 AND "active_storage_attachments"."name" = $3 LIMIT $4[0m  [["record_id", 1], ["record_type", "Script"], ["name", "cover_image"], ["LIMIT", 1]]
  ↳ app/controllers/api/v1/scripts_controller.rb:58:in `script_json'
  [1m[36mActiveStorage::Blob Load (0.1ms)[0m  [1m[34mSELECT "active_storage_blobs".* FROM "active_storage_blobs" WHERE "active_storage_blobs"."id" = $1 LIMIT $2[0m  [["id", 1], ["LIMIT", 1]]
  ↳ app/controllers/api/v1/scripts_controller.rb:58:in `script_json'
Completed 200 OK in 2ms (Views: 0.1ms | ActiveRecord: 0.3ms (3 queries, 0 cached) | GC: 0.0ms)


Started GET "/api/v1/scripts" for ::1 at 2026-05-06 12:05:48 +0800
Processing by Api::V1::ScriptsController#index as */*
  Parameters: {"script"=>{}}
  [1m[36mScript Load (0.3ms)[0m  [1m[34mSELECT "scripts".* FROM "scripts"[0m
  ↳ app/controllers/api/v1/scripts_controller.rb:11:in `map'
  [1m[36mActiveStorage::Attachment Load (0.1ms)[0m  [1m[34mSELECT "active_storage_attachments".* FROM "active_storage_attachments" WHERE "active_storage_attachments"."record_id" = $1 AND "active_storage_attachments"."record_type" = $2 AND "active_storage_attachments"."name" = $3 LIMIT $4[0m  [["record_id", 1], ["record_type", "Script"], ["name", "cover_image"], ["LIMIT", 1]]
  ↳ app/controllers/api/v1/scripts_controller.rb:58:in `script_json'
  [1m[36mActiveStorage::Blob Load (0.1ms)[0m  [1m[34mSELECT "active_storage_blobs".* FROM "active_storage_blobs" WHERE "active_storage_blobs"."id" = $1 LIMIT $2[0m  [["id", 1], ["LIMIT", 1]]
  ↳ app/controllers/api/v1/scripts_controller.rb:58:in `script_json'
Completed 200 OK in 3ms (Views: 0.1ms | ActiveRecord: 0.5ms (3 queries, 0 cached) | GC: 0.2ms)


Started GET "/api/v1/scripts" for ::1 at 2026-05-06 12:05:48 +0800
Processing by Api::V1::ScriptsController#index as */*
  Parameters: {"script"=>{}}
  [1m[36mScript Load (0.2ms)[0m  [1m[34mSELECT "scripts".* FROM "scripts"[0m
  ↳ app/controllers/api/v1/scripts_controller.rb:11:in `map'
  [1m[36mActiveStorage::Attachment Load (0.1ms)[0m  [1m[34mSELECT "active_storage_attachments".* FROM "active_storage_attachments" WHERE "active_storage_attachments"."record_id" = $1 AND "active_storage_attachments"."record_type" = $2 AND "active_storage_attachments"."name" = $3 LIMIT $4[0m  [["record_id", 1], ["record_type", "Script"], ["name", "cover_image"], ["LIMIT", 1]]
  ↳ app/controllers/api/v1/scripts_controller.rb:58:in `script_json'
  [1m[36mActiveStorage::Blob Load (0.1ms)[0m  [1m[34mSELECT "active_storage_blobs".* FROM "active_storage_blobs" WHERE "active_storage_blobs"."id" = $1 LIMIT $2[0m  [["id", 1], ["LIMIT", 1]]
  ↳ app/controllers/api/v1/scripts_controller.rb:58:in `script_json'
Completed 200 OK in 2ms (Views: 0.1ms | ActiveRecord: 0.4ms (3 queries, 0 cached) | GC: 0.0ms)


Started POST "/api/v1/events" for ::1 at 2026-05-06 12:06:40 +0800
Processing by Api::V1::EventsController#create as */*
  Parameters: {"script_id"=>1, "scheduled_at"=>"2026-11-01T01:00:00.000Z", "location"=>"待定", "event"=>{"script_id"=>1, "scheduled_at"=>"2026-11-01T01:00:00.000Z", "location"=>"待定"}}
  [1m[36mUser Load (1.8ms)[0m  [1m[34mSELECT "users".* FROM "users" WHERE "users"."id" = $1 LIMIT $2[0m  [["id", 1], ["LIMIT", 1]]
  ↳ app/controllers/application_controller.rb:9:in `authenticate!'
[31mUnpermitted parameter: :event. Context: { controller: Api::V1::EventsController, action: create, request: #<ActionDispatch::Request:0x0000000127568358>, params: {"script_id"=>1, "scheduled_at"=>"2026-11-01T01:00:00.000Z", "location"=>"待定", "controller"=>"api/v1/events", "action"=>"create", "event"=>{"script_id"=>1, "scheduled_at"=>"2026-11-01T01:00:00.000Z", "location"=>"待定"}} }[0m
  [1m[36mTRANSACTION (0.1ms)[0m  [1m[35mBEGIN[0m
  ↳ app/controllers/api/v1/events_controller.rb:23:in `create'
  [1m[36mScript Load (22.7ms)[0m  [1m[34mSELECT "scripts".* FROM "scripts" WHERE "scripts"."id" = $1 LIMIT $2[0m  [["id", 1], ["LIMIT", 1]]
  ↳ app/controllers/api/v1/events_controller.rb:23:in `create'
  [1m[36mCACHE User Load (0.2ms)[0m  [1m[34mSELECT "users".* FROM "users" WHERE "users"."id" = $1 LIMIT $2[0m  [["id", 1], ["LIMIT", 1]]
  ↳ app/controllers/api/v1/events_controller.rb:23:in `create'
  [1m[36mTRANSACTION (0.1ms)[0m  [1m[31mROLLBACK[0m
  ↳ app/controllers/api/v1/events_controller.rb:23:in `create'
Completed 422 Unprocessable Content in 58ms (Views: 0.2ms | ActiveRecord: 24.7ms (3 queries, 1 cached) | GC: 1.2ms)


  [1m[36mCACHE ActiveRecord::SchemaMigration Load (0.1ms)[0m  [1m[34mSELECT "schema_migrations"."version" FROM "schema_migrations" ORDER BY "schema_migrations"."version" ASC[0m
  [1m[36mCACHE ActiveRecord::SchemaMigration Load (0.0ms)[0m  [1m[34mSELECT "schema_migrations"."version" FROM "schema_migrations" ORDER BY "schema_migrations"."version" ASC[0m
Started GET "/api/v1/scripts" for ::1 at 2026-05-06 12:10:22 +0800
  [1m[36mActiveRecord::SchemaMigration Load (2.2ms)[0m  [1m[34mSELECT "schema_migrations"."version" FROM "schema_migrations" ORDER BY "schema_migrations"."version" ASC[0m
  
ActiveRecord::PendingMigrationError (

Migrations are pending. To resolve this issue, run:

        bin/rails db:migrate

You have 2 pending migrations:

db/migrate/20260506030000_add_gender_to_users.rb
db/migrate/20260506030001_add_host_in_game_to_events.rb


):
  
activerecord (7.2.3.1) lib/active_record/migration.rb:756:in `check_pending_migrations'
activerecord (7.2.3.1) lib/active_record/migration.rb:663:in `block (2 levels) in call'
activesupport (7.2.3.1) lib/active_support/file_update_checker.rb:85:in `execute'
activesupport (7.2.3.1) lib/active_support/file_update_checker.rb:95:in `execute_if_updated'
activerecord (7.2.3.1) lib/active_record/migration.rb:670:in `block in call'
activerecord (7.2.3.1) lib/active_record/migration.rb:660:in `synchronize'
activerecord (7.2.3.1) lib/active_record/migration.rb:660:in `call'
actionpack (7.2.3.1) lib/action_dispatch/middleware/callbacks.rb:31:in `block in call'
activesupport (7.2.3.1) lib/active_support/callbacks.rb:101:in `run_callbacks'
actionpack (7.2.3.1) lib/action_dispatch/middleware/callbacks.rb:30:in `call'
actionpack (7.2.3.1) lib/action_dispatch/middleware/executor.rb:16:in `call'
actionpack (7.2.3.1) lib/action_dispatch/middleware/actionable_exceptions.rb:18:in `call'
actionpack (7.2.3.1) lib/action_dispatch/middleware/debug_exceptions.rb:31:in `call'
actionpack (7.2.3.1) lib/action_dispatch/middleware/show_exceptions.rb:32:in `call'
railties (7.2.3.1) lib/rails/rack/logger.rb:41:in `call_app'
railties (7.2.3.1) lib/rails/rack/logger.rb:29:in `call'
actionpack (7.2.3.1) lib/action_dispatch/middleware/remote_ip.rb:96:in `call'
actionpack (7.2.3.1) lib/action_dispatch/middleware/request_id.rb:33:in `call'
rack (3.2.6) lib/rack/runtime.rb:24:in `call'
activesupport (7.2.3.1) lib/active_support/cache/strategy/local_cache_middleware.rb:29:in `call'
actionpack (7.2.3.1) lib/action_dispatch/middleware/server_timing.rb:61:in `block in call'
actionpack (7.2.3.1) lib/action_dispatch/middleware/server_timing.rb:26:in `collect_events'
actionpack (7.2.3.1) lib/action_dispatch/middleware/server_timing.rb:60:in `call'
actionpack (7.2.3.1) lib/action_dispatch/middleware/executor.rb:16:in `call'
actionpack (7.2.3.1) lib/action_dispatch/middleware/static.rb:27:in `call'
rack (3.2.6) lib/rack/sendfile.rb:131:in `call'
actionpack (7.2.3.1) lib/action_dispatch/middleware/host_authorization.rb:143:in `call'
rack-cors (3.0.0) lib/rack/cors.rb:102:in `call'
railties (7.2.3.1) lib/rails/engine.rb:535:in `call'
puma (8.0.1) lib/puma/configuration.rb:305:in `call'
puma (8.0.1) lib/puma/response.rb:79:in `block in handle_request'
puma (8.0.1) lib/puma/thread_pool.rb:434:in `with_force_shutdown'
puma (8.0.1) lib/puma/response.rb:78:in `handle_request'
puma (8.0.1) lib/puma/server.rb:508:in `process_client'
puma (8.0.1) lib/puma/server.rb:263:in `block in run'
puma (8.0.1) lib/puma/thread_pool.rb:246:in `block in spawn_thread'
Started GET "/api/v1/scripts" for ::1 at 2026-05-06 12:10:22 +0800
  [1m[36mActiveRecord::SchemaMigration Load (0.5ms)[0m  [1m[34mSELECT "schema_migrations"."version" FROM "schema_migrations" ORDER BY "schema_migrations"."version" ASC[0m
  
ActiveRecord::PendingMigrationError (

Migrations are pending. To resolve this issue, run:

        bin/rails db:migrate

You have 2 pending migrations:

db/migrate/20260506030000_add_gender_to_users.rb
db/migrate/20260506030001_add_host_in_game_to_events.rb


):
  
activerecord (7.2.3.1) lib/active_record/migration.rb:756:in `check_pending_migrations'
activerecord (7.2.3.1) lib/active_record/migration.rb:663:in `block (2 levels) in call'
activesupport (7.2.3.1) lib/active_support/file_update_checker.rb:85:in `execute'
activerecord (7.2.3.1) lib/active_record/migration.rb:668:in `block in call'
activerecord (7.2.3.1) lib/active_record/migration.rb:660:in `synchronize'
activerecord (7.2.3.1) lib/active_record/migration.rb:660:in `call'
actionpack (7.2.3.1) lib/action_dispatch/middleware/callbacks.rb:31:in `block in call'
activesupport (7.2.3.1) lib/active_support/callbacks.rb:101:in `run_callbacks'
actionpack (7.2.3.1) lib/action_dispatch/middleware/callbacks.rb:30:in `call'
actionpack (7.2.3.1) lib/action_dispatch/middleware/executor.rb:16:in `call'
actionpack (7.2.3.1) lib/action_dispatch/middleware/actionable_exceptions.rb:18:in `call'
actionpack (7.2.3.1) lib/action_dispatch/middleware/debug_exceptions.rb:31:in `call'
actionpack (7.2.3.1) lib/action_dispatch/middleware/show_exceptions.rb:32:in `call'
railties (7.2.3.1) lib/rails/rack/logger.rb:41:in `call_app'
railties (7.2.3.1) lib/rails/rack/logger.rb:29:in `call'
actionpack (7.2.3.1) lib/action_dispatch/middleware/remote_ip.rb:96:in `call'
actionpack (7.2.3.1) lib/action_dispatch/middleware/request_id.rb:33:in `call'
rack (3.2.6) lib/rack/runtime.rb:24:in `call'
activesupport (7.2.3.1) lib/active_support/cache/strategy/local_cache_middleware.rb:29:in `call'
actionpack (7.2.3.1) lib/action_dispatch/middleware/server_timing.rb:61:in `block in call'
actionpack (7.2.3.1) lib/action_dispatch/middleware/server_timing.rb:26:in `collect_events'
actionpack (7.2.3.1) lib/action_dispatch/middleware/server_timing.rb:60:in `call'
actionpack (7.2.3.1) lib/action_dispatch/middleware/executor.rb:16:in `call'
actionpack (7.2.3.1) lib/action_dispatch/middleware/static.rb:27:in `call'
rack (3.2.6) lib/rack/sendfile.rb:131:in `call'
actionpack (7.2.3.1) lib/action_dispatch/middleware/host_authorization.rb:143:in `call'
rack-cors (3.0.0) lib/rack/cors.rb:102:in `call'
railties (7.2.3.1) lib/rails/engine.rb:535:in `call'
puma (8.0.1) lib/puma/configuration.rb:305:in `call'
puma (8.0.1) lib/puma/response.rb:79:in `block in handle_request'
puma (8.0.1) lib/puma/thread_pool.rb:434:in `with_force_shutdown'
puma (8.0.1) lib/puma/response.rb:78:in `handle_request'
puma (8.0.1) lib/puma/server.rb:508:in `process_client'
puma (8.0.1) lib/puma/server.rb:263:in `block in run'
puma (8.0.1) lib/puma/thread_pool.rb:246:in `block in spawn_thread'
Started GET "/api/v1/scripts" for ::1 at 2026-05-06 12:10:28 +0800
  [1m[36mActiveRecord::SchemaMigration Load (0.5ms)[0m  [1m[34mSELECT "schema_migrations"."version" FROM "schema_migrations" ORDER BY "schema_migrations"."version" ASC[0m
  
ActiveRecord::PendingMigrationError (

Migrations are pending. To resolve this issue, run:

        bin/rails db:migrate

You have 2 pending migrations:

db/migrate/20260506030000_add_gender_to_users.rb
db/migrate/20260506030001_add_host_in_game_to_events.rb


):
  
activerecord (7.2.3.1) lib/active_record/migration.rb:756:in `check_pending_migrations'
activerecord (7.2.3.1) lib/active_record/migration.rb:663:in `block (2 levels) in call'
activesupport (7.2.3.1) lib/active_support/file_update_checker.rb:85:in `execute'
activerecord (7.2.3.1) lib/active_record/migration.rb:668:in `block in call'
activerecord (7.2.3.1) lib/active_record/migration.rb:660:in `synchronize'
activerecord (7.2.3.1) lib/active_record/migration.rb:660:in `call'
actionpack (7.2.3.1) lib/action_dispatch/middleware/callbacks.rb:31:in `block in call'
activesupport (7.2.3.1) lib/active_support/callbacks.rb:101:in `run_callbacks'
actionpack (7.2.3.1) lib/action_dispatch/middleware/callbacks.rb:30:in `call'
actionpack (7.2.3.1) lib/action_dispatch/middleware/executor.rb:16:in `call'
actionpack (7.2.3.1) lib/action_dispatch/middleware/actionable_exceptions.rb:18:in `call'
actionpack (7.2.3.1) lib/action_dispatch/middleware/debug_exceptions.rb:31:in `call'
actionpack (7.2.3.1) lib/action_dispatch/middleware/show_exceptions.rb:32:in `call'
railties (7.2.3.1) lib/rails/rack/logger.rb:41:in `call_app'
railties (7.2.3.1) lib/rails/rack/logger.rb:29:in `call'
actionpack (7.2.3.1) lib/action_dispatch/middleware/remote_ip.rb:96:in `call'
actionpack (7.2.3.1) lib/action_dispatch/middleware/request_id.rb:33:in `call'
rack (3.2.6) lib/rack/runtime.rb:24:in `call'
activesupport (7.2.3.1) lib/active_support/cache/strategy/local_cache_middleware.rb:29:in `call'
actionpack (7.2.3.1) lib/action_dispatch/middleware/server_timing.rb:61:in `block in call'
actionpack (7.2.3.1) lib/action_dispatch/middleware/server_timing.rb:26:in `collect_events'
actionpack (7.2.3.1) lib/action_dispatch/middleware/server_timing.rb:60:in `call'
actionpack (7.2.3.1) lib/action_dispatch/middleware/executor.rb:16:in `call'
actionpack (7.2.3.1) lib/action_dispatch/middleware/static.rb:27:in `call'
rack (3.2.6) lib/rack/sendfile.rb:131:in `call'
actionpack (7.2.3.1) lib/action_dispatch/middleware/host_authorization.rb:143:in `call'
rack-cors (3.0.0) lib/rack/cors.rb:102:in `call'
railties (7.2.3.1) lib/rails/engine.rb:535:in `call'
puma (8.0.1) lib/puma/configuration.rb:305:in `call'
puma (8.0.1) lib/puma/response.rb:79:in `block in handle_request'
puma (8.0.1) lib/puma/thread_pool.rb:434:in `with_force_shutdown'
puma (8.0.1) lib/puma/response.rb:78:in `handle_request'
puma (8.0.1) lib/puma/server.rb:508:in `process_client'
puma (8.0.1) lib/puma/server.rb:263:in `block in run'
puma (8.0.1) lib/puma/thread_pool.rb:246:in `block in spawn_thread'
Started GET "/api/v1/scripts" for ::1 at 2026-05-06 12:10:28 +0800
  [1m[36mActiveRecord::SchemaMigration Load (1.1ms)[0m  [1m[34mSELECT "schema_migrations"."version" FROM "schema_migrations" ORDER BY "schema_migrations"."version" ASC[0m
  
ActiveRecord::PendingMigrationError (

Migrations are pending. To resolve this issue, run:

        bin/rails db:migrate

You have 2 pending migrations:

db/migrate/20260506030000_add_gender_to_users.rb
db/migrate/20260506030001_add_host_in_game_to_events.rb


):
  
activerecord (7.2.3.1) lib/active_record/migration.rb:756:in `check_pending_migrations'
activerecord (7.2.3.1) lib/active_record/migration.rb:663:in `block (2 levels) in call'
activesupport (7.2.3.1) lib/active_support/file_update_checker.rb:85:in `execute'
activerecord (7.2.3.1) lib/active_record/migration.rb:668:in `block in call'
activerecord (7.2.3.1) lib/active_record/migration.rb:660:in `synchronize'
activerecord (7.2.3.1) lib/active_record/migration.rb:660:in `call'
actionpack (7.2.3.1) lib/action_dispatch/middleware/callbacks.rb:31:in `block in call'
activesupport (7.2.3.1) lib/active_support/callbacks.rb:101:in `run_callbacks'
actionpack (7.2.3.1) lib/action_dispatch/middleware/callbacks.rb:30:in `call'
actionpack (7.2.3.1) lib/action_dispatch/middleware/executor.rb:16:in `call'
actionpack (7.2.3.1) lib/action_dispatch/middleware/actionable_exceptions.rb:18:in `call'
actionpack (7.2.3.1) lib/action_dispatch/middleware/debug_exceptions.rb:31:in `call'
actionpack (7.2.3.1) lib/action_dispatch/middleware/show_exceptions.rb:32:in `call'
railties (7.2.3.1) lib/rails/rack/logger.rb:41:in `call_app'
railties (7.2.3.1) lib/rails/rack/logger.rb:29:in `call'
actionpack (7.2.3.1) lib/action_dispatch/middleware/remote_ip.rb:96:in `call'
actionpack (7.2.3.1) lib/action_dispatch/middleware/request_id.rb:33:in `call'
rack (3.2.6) lib/rack/runtime.rb:24:in `call'
activesupport (7.2.3.1) lib/active_support/cache/strategy/local_cache_middleware.rb:29:in `call'
actionpack (7.2.3.1) lib/action_dispatch/middleware/server_timing.rb:61:in `block in call'
actionpack (7.2.3.1) lib/action_dispatch/middleware/server_timing.rb:26:in `collect_events'
actionpack (7.2.3.1) lib/action_dispatch/middleware/server_timing.rb:60:in `call'
actionpack (7.2.3.1) lib/action_dispatch/middleware/executor.rb:16:in `call'
actionpack (7.2.3.1) lib/action_dispatch/middleware/static.rb:27:in `call'
rack (3.2.6) lib/rack/sendfile.rb:131:in `call'
actionpack (7.2.3.1) lib/action_dispatch/middleware/host_authorization.rb:143:in `call'
rack-cors (3.0.0) lib/rack/cors.rb:102:in `call'
railties (7.2.3.1) lib/rails/engine.rb:535:in `call'
puma (8.0.1) lib/puma/configuration.rb:305:in `call'
puma (8.0.1) lib/puma/response.rb:79:in `block in handle_request'
puma (8.0.1) lib/puma/thread_pool.rb:434:in `with_force_shutdown'
puma (8.0.1) lib/puma/response.rb:78:in `handle_request'
puma (8.0.1) lib/puma/server.rb:508:in `process_client'
puma (8.0.1) lib/puma/server.rb:263:in `block in run'
puma (8.0.1) lib/puma/thread_pool.rb:246:in `block in spawn_thread'
Started GET "/api/v1/users/me/events" for ::1 at 2026-05-06 12:10:41 +0800
  [1m[36mActiveRecord::SchemaMigration Load (0.5ms)[0m  [1m[34mSELECT "schema_migrations"."version" FROM "schema_migrations" ORDER BY "schema_migrations"."version" ASC[0m
  
ActiveRecord::PendingMigrationError (

Migrations are pending. To resolve this issue, run:

        bin/rails db:migrate

You have 2 pending migrations:

db/migrate/20260506030000_add_gender_to_users.rb
db/migrate/20260506030001_add_host_in_game_to_events.rb


):
  
activerecord (7.2.3.1) lib/active_record/migration.rb:756:in `check_pending_migrations'
activerecord (7.2.3.1) lib/active_record/migration.rb:663:in `block (2 levels) in call'
activesupport (7.2.3.1) lib/active_support/file_update_checker.rb:85:in `execute'
activerecord (7.2.3.1) lib/active_record/migration.rb:668:in `block in call'
activerecord (7.2.3.1) lib/active_record/migration.rb:660:in `synchronize'
activerecord (7.2.3.1) lib/active_record/migration.rb:660:in `call'
actionpack (7.2.3.1) lib/action_dispatch/middleware/callbacks.rb:31:in `block in call'
activesupport (7.2.3.1) lib/active_support/callbacks.rb:101:in `run_callbacks'
actionpack (7.2.3.1) lib/action_dispatch/middleware/callbacks.rb:30:in `call'
actionpack (7.2.3.1) lib/action_dispatch/middleware/executor.rb:16:in `call'
actionpack (7.2.3.1) lib/action_dispatch/middleware/actionable_exceptions.rb:18:in `call'
actionpack (7.2.3.1) lib/action_dispatch/middleware/debug_exceptions.rb:31:in `call'
actionpack (7.2.3.1) lib/action_dispatch/middleware/show_exceptions.rb:32:in `call'
railties (7.2.3.1) lib/rails/rack/logger.rb:41:in `call_app'
railties (7.2.3.1) lib/rails/rack/logger.rb:29:in `call'
actionpack (7.2.3.1) lib/action_dispatch/middleware/remote_ip.rb:96:in `call'
actionpack (7.2.3.1) lib/action_dispatch/middleware/request_id.rb:33:in `call'
rack (3.2.6) lib/rack/runtime.rb:24:in `call'
activesupport (7.2.3.1) lib/active_support/cache/strategy/local_cache_middleware.rb:29:in `call'
actionpack (7.2.3.1) lib/action_dispatch/middleware/server_timing.rb:61:in `block in call'
actionpack (7.2.3.1) lib/action_dispatch/middleware/server_timing.rb:26:in `collect_events'
actionpack (7.2.3.1) lib/action_dispatch/middleware/server_timing.rb:60:in `call'
actionpack (7.2.3.1) lib/action_dispatch/middleware/executor.rb:16:in `call'
actionpack (7.2.3.1) lib/action_dispatch/middleware/static.rb:27:in `call'
rack (3.2.6) lib/rack/sendfile.rb:131:in `call'
actionpack (7.2.3.1) lib/action_dispatch/middleware/host_authorization.rb:143:in `call'
rack-cors (3.0.0) lib/rack/cors.rb:102:in `call'
railties (7.2.3.1) lib/rails/engine.rb:535:in `call'
puma (8.0.1) lib/puma/configuration.rb:305:in `call'
puma (8.0.1) lib/puma/response.rb:79:in `block in handle_request'
puma (8.0.1) lib/puma/thread_pool.rb:434:in `with_force_shutdown'
puma (8.0.1) lib/puma/response.rb:78:in `handle_request'
puma (8.0.1) lib/puma/server.rb:508:in `process_client'
puma (8.0.1) lib/puma/server.rb:263:in `block in run'
puma (8.0.1) lib/puma/thread_pool.rb:246:in `block in spawn_thread'
Started GET "/api/v1/users/me/events" for ::1 at 2026-05-06 12:10:41 +0800
  [1m[36mActiveRecord::SchemaMigration Load (0.7ms)[0m  [1m[34mSELECT "schema_migrations"."version" FROM "schema_migrations" ORDER BY "schema_migrations"."version" ASC[0m
  
ActiveRecord::PendingMigrationError (

Migrations are pending. To resolve this issue, run:

        bin/rails db:migrate

You have 2 pending migrations:

db/migrate/20260506030000_add_gender_to_users.rb
db/migrate/20260506030001_add_host_in_game_to_events.rb


):
  
activerecord (7.2.3.1) lib/active_record/migration.rb:756:in `check_pending_migrations'
activerecord (7.2.3.1) lib/active_record/migration.rb:663:in `block (2 levels) in call'
activesupport (7.2.3.1) lib/active_support/file_update_checker.rb:85:in `execute'
activerecord (7.2.3.1) lib/active_record/migration.rb:668:in `block in call'
activerecord (7.2.3.1) lib/active_record/migration.rb:660:in `synchronize'
activerecord (7.2.3.1) lib/active_record/migration.rb:660:in `call'
actionpack (7.2.3.1) lib/action_dispatch/middleware/callbacks.rb:31:in `block in call'
activesupport (7.2.3.1) lib/active_support/callbacks.rb:101:in `run_callbacks'
actionpack (7.2.3.1) lib/action_dispatch/middleware/callbacks.rb:30:in `call'
actionpack (7.2.3.1) lib/action_dispatch/middleware/executor.rb:16:in `call'
actionpack (7.2.3.1) lib/action_dispatch/middleware/actionable_exceptions.rb:18:in `call'
actionpack (7.2.3.1) lib/action_dispatch/middleware/debug_exceptions.rb:31:in `call'
actionpack (7.2.3.1) lib/action_dispatch/middleware/show_exceptions.rb:32:in `call'
railties (7.2.3.1) lib/rails/rack/logger.rb:41:in `call_app'
railties (7.2.3.1) lib/rails/rack/logger.rb:29:in `call'
actionpack (7.2.3.1) lib/action_dispatch/middleware/remote_ip.rb:96:in `call'
actionpack (7.2.3.1) lib/action_dispatch/middleware/request_id.rb:33:in `call'
rack (3.2.6) lib/rack/runtime.rb:24:in `call'
activesupport (7.2.3.1) lib/active_support/cache/strategy/local_cache_middleware.rb:29:in `call'
actionpack (7.2.3.1) lib/action_dispatch/middleware/server_timing.rb:61:in `block in call'
actionpack (7.2.3.1) lib/action_dispatch/middleware/server_timing.rb:26:in `collect_events'
actionpack (7.2.3.1) lib/action_dispatch/middleware/server_timing.rb:60:in `call'
actionpack (7.2.3.1) lib/action_dispatch/middleware/executor.rb:16:in `call'
actionpack (7.2.3.1) lib/action_dispatch/middleware/static.rb:27:in `call'
rack (3.2.6) lib/rack/sendfile.rb:131:in `call'
actionpack (7.2.3.1) lib/action_dispatch/middleware/host_authorization.rb:143:in `call'
rack-cors (3.0.0) lib/rack/cors.rb:102:in `call'
railties (7.2.3.1) lib/rails/engine.rb:535:in `call'
puma (8.0.1) lib/puma/configuration.rb:305:in `call'
puma (8.0.1) lib/puma/response.rb:79:in `block in handle_request'
puma (8.0.1) lib/puma/thread_pool.rb:434:in `with_force_shutdown'
puma (8.0.1) lib/puma/response.rb:78:in `handle_request'
puma (8.0.1) lib/puma/server.rb:508:in `process_client'
puma (8.0.1) lib/puma/server.rb:263:in `block in run'
puma (8.0.1) lib/puma/thread_pool.rb:246:in `block in spawn_thread'
Started GET "/api/v1/events" for ::1 at 2026-05-06 12:10:45 +0800
  [1m[36mActiveRecord::SchemaMigration Load (0.6ms)[0m  [1m[34mSELECT "schema_migrations"."version" FROM "schema_migrations" ORDER BY "schema_migrations"."version" ASC[0m
  
ActiveRecord::PendingMigrationError (

Migrations are pending. To resolve this issue, run:

        bin/rails db:migrate

You have 2 pending migrations:

db/migrate/20260506030000_add_gender_to_users.rb
db/migrate/20260506030001_add_host_in_game_to_events.rb


):
  
activerecord (7.2.3.1) lib/active_record/migration.rb:756:in `check_pending_migrations'
activerecord (7.2.3.1) lib/active_record/migration.rb:663:in `block (2 levels) in call'
activesupport (7.2.3.1) lib/active_support/file_update_checker.rb:85:in `execute'
activerecord (7.2.3.1) lib/active_record/migration.rb:668:in `block in call'
activerecord (7.2.3.1) lib/active_record/migration.rb:660:in `synchronize'
activerecord (7.2.3.1) lib/active_record/migration.rb:660:in `call'
actionpack (7.2.3.1) lib/action_dispatch/middleware/callbacks.rb:31:in `block in call'
activesupport (7.2.3.1) lib/active_support/callbacks.rb:101:in `run_callbacks'
actionpack (7.2.3.1) lib/action_dispatch/middleware/callbacks.rb:30:in `call'
actionpack (7.2.3.1) lib/action_dispatch/middleware/executor.rb:16:in `call'
actionpack (7.2.3.1) lib/action_dispatch/middleware/actionable_exceptions.rb:18:in `call'
actionpack (7.2.3.1) lib/action_dispatch/middleware/debug_exceptions.rb:31:in `call'
actionpack (7.2.3.1) lib/action_dispatch/middleware/show_exceptions.rb:32:in `call'
railties (7.2.3.1) lib/rails/rack/logger.rb:41:in `call_app'
railties (7.2.3.1) lib/rails/rack/logger.rb:29:in `call'
actionpack (7.2.3.1) lib/action_dispatch/middleware/remote_ip.rb:96:in `call'
actionpack (7.2.3.1) lib/action_dispatch/middleware/request_id.rb:33:in `call'
rack (3.2.6) lib/rack/runtime.rb:24:in `call'
activesupport (7.2.3.1) lib/active_support/cache/strategy/local_cache_middleware.rb:29:in `call'
actionpack (7.2.3.1) lib/action_dispatch/middleware/server_timing.rb:61:in `block in call'
actionpack (7.2.3.1) lib/action_dispatch/middleware/server_timing.rb:26:in `collect_events'
actionpack (7.2.3.1) lib/action_dispatch/middleware/server_timing.rb:60:in `call'
actionpack (7.2.3.1) lib/action_dispatch/middleware/executor.rb:16:in `call'
actionpack (7.2.3.1) lib/action_dispatch/middleware/static.rb:27:in `call'
rack (3.2.6) lib/rack/sendfile.rb:131:in `call'
actionpack (7.2.3.1) lib/action_dispatch/middleware/host_authorization.rb:143:in `call'
rack-cors (3.0.0) lib/rack/cors.rb:102:in `call'
railties (7.2.3.1) lib/rails/engine.rb:535:in `call'
puma (8.0.1) lib/puma/configuration.rb:305:in `call'
puma (8.0.1) lib/puma/response.rb:79:in `block in handle_request'
puma (8.0.1) lib/puma/thread_pool.rb:434:in `with_force_shutdown'
puma (8.0.1) lib/puma/response.rb:78:in `handle_request'
puma (8.0.1) lib/puma/server.rb:508:in `process_client'
puma (8.0.1) lib/puma/server.rb:263:in `block in run'
puma (8.0.1) lib/puma/thread_pool.rb:246:in `block in spawn_thread'
Started GET "/api/v1/events" for ::1 at 2026-05-06 12:10:46 +0800
  [1m[36mActiveRecord::SchemaMigration Load (0.7ms)[0m  [1m[34mSELECT "schema_migrations"."version" FROM "schema_migrations" ORDER BY "schema_migrations"."version" ASC[0m
  
ActiveRecord::PendingMigrationError (

Migrations are pending. To resolve this issue, run:

        bin/rails db:migrate

You have 2 pending migrations:

db/migrate/20260506030000_add_gender_to_users.rb
db/migrate/20260506030001_add_host_in_game_to_events.rb


):
  
activerecord (7.2.3.1) lib/active_record/migration.rb:756:in `check_pending_migrations'
activerecord (7.2.3.1) lib/active_record/migration.rb:663:in `block (2 levels) in call'
activesupport (7.2.3.1) lib/active_support/file_update_checker.rb:85:in `execute'
activerecord (7.2.3.1) lib/active_record/migration.rb:668:in `block in call'
activerecord (7.2.3.1) lib/active_record/migration.rb:660:in `synchronize'
activerecord (7.2.3.1) lib/active_record/migration.rb:660:in `call'
actionpack (7.2.3.1) lib/action_dispatch/middleware/callbacks.rb:31:in `block in call'
activesupport (7.2.3.1) lib/active_support/callbacks.rb:101:in `run_callbacks'
actionpack (7.2.3.1) lib/action_dispatch/middleware/callbacks.rb:30:in `call'
actionpack (7.2.3.1) lib/action_dispatch/middleware/executor.rb:16:in `call'
actionpack (7.2.3.1) lib/action_dispatch/middleware/actionable_exceptions.rb:18:in `call'
actionpack (7.2.3.1) lib/action_dispatch/middleware/debug_exceptions.rb:31:in `call'
actionpack (7.2.3.1) lib/action_dispatch/middleware/show_exceptions.rb:32:in `call'
railties (7.2.3.1) lib/rails/rack/logger.rb:41:in `call_app'
railties (7.2.3.1) lib/rails/rack/logger.rb:29:in `call'
actionpack (7.2.3.1) lib/action_dispatch/middleware/remote_ip.rb:96:in `call'
actionpack (7.2.3.1) lib/action_dispatch/middleware/request_id.rb:33:in `call'
rack (3.2.6) lib/rack/runtime.rb:24:in `call'
activesupport (7.2.3.1) lib/active_support/cache/strategy/local_cache_middleware.rb:29:in `call'
actionpack (7.2.3.1) lib/action_dispatch/middleware/server_timing.rb:61:in `block in call'
actionpack (7.2.3.1) lib/action_dispatch/middleware/server_timing.rb:26:in `collect_events'
actionpack (7.2.3.1) lib/action_dispatch/middleware/server_timing.rb:60:in `call'
actionpack (7.2.3.1) lib/action_dispatch/middleware/executor.rb:16:in `call'
actionpack (7.2.3.1) lib/action_dispatch/middleware/static.rb:27:in `call'
rack (3.2.6) lib/rack/sendfile.rb:131:in `call'
actionpack (7.2.3.1) lib/action_dispatch/middleware/host_authorization.rb:143:in `call'
rack-cors (3.0.0) lib/rack/cors.rb:102:in `call'
railties (7.2.3.1) lib/rails/engine.rb:535:in `call'
puma (8.0.1) lib/puma/configuration.rb:305:in `call'
puma (8.0.1) lib/puma/response.rb:79:in `block in handle_request'
puma (8.0.1) lib/puma/thread_pool.rb:434:in `with_force_shutdown'
puma (8.0.1) lib/puma/response.rb:78:in `handle_request'
puma (8.0.1) lib/puma/server.rb:508:in `process_client'
puma (8.0.1) lib/puma/server.rb:263:in `block in run'
puma (8.0.1) lib/puma/thread_pool.rb:246:in `block in spawn_thread'
Started GET "/api/v1/scripts" for ::1 at 2026-05-06 12:10:46 +0800
  [1m[36mActiveRecord::SchemaMigration Load (0.6ms)[0m  [1m[34mSELECT "schema_migrations"."version" FROM "schema_migrations" ORDER BY "schema_migrations"."version" ASC[0m
  
ActiveRecord::PendingMigrationError (

Migrations are pending. To resolve this issue, run:

        bin/rails db:migrate

You have 2 pending migrations:

db/migrate/20260506030000_add_gender_to_users.rb
db/migrate/20260506030001_add_host_in_game_to_events.rb


):
  
activerecord (7.2.3.1) lib/active_record/migration.rb:756:in `check_pending_migrations'
activerecord (7.2.3.1) lib/active_record/migration.rb:663:in `block (2 levels) in call'
activesupport (7.2.3.1) lib/active_support/file_update_checker.rb:85:in `execute'
activerecord (7.2.3.1) lib/active_record/migration.rb:668:in `block in call'
activerecord (7.2.3.1) lib/active_record/migration.rb:660:in `synchronize'
activerecord (7.2.3.1) lib/active_record/migration.rb:660:in `call'
actionpack (7.2.3.1) lib/action_dispatch/middleware/callbacks.rb:31:in `block in call'
activesupport (7.2.3.1) lib/active_support/callbacks.rb:101:in `run_callbacks'
actionpack (7.2.3.1) lib/action_dispatch/middleware/callbacks.rb:30:in `call'
actionpack (7.2.3.1) lib/action_dispatch/middleware/executor.rb:16:in `call'
actionpack (7.2.3.1) lib/action_dispatch/middleware/actionable_exceptions.rb:18:in `call'
actionpack (7.2.3.1) lib/action_dispatch/middleware/debug_exceptions.rb:31:in `call'
actionpack (7.2.3.1) lib/action_dispatch/middleware/show_exceptions.rb:32:in `call'
railties (7.2.3.1) lib/rails/rack/logger.rb:41:in `call_app'
railties (7.2.3.1) lib/rails/rack/logger.rb:29:in `call'
actionpack (7.2.3.1) lib/action_dispatch/middleware/remote_ip.rb:96:in `call'
actionpack (7.2.3.1) lib/action_dispatch/middleware/request_id.rb:33:in `call'
rack (3.2.6) lib/rack/runtime.rb:24:in `call'
activesupport (7.2.3.1) lib/active_support/cache/strategy/local_cache_middleware.rb:29:in `call'
actionpack (7.2.3.1) lib/action_dispatch/middleware/server_timing.rb:61:in `block in call'
actionpack (7.2.3.1) lib/action_dispatch/middleware/server_timing.rb:26:in `collect_events'
actionpack (7.2.3.1) lib/action_dispatch/middleware/server_timing.rb:60:in `call'
actionpack (7.2.3.1) lib/action_dispatch/middleware/executor.rb:16:in `call'
actionpack (7.2.3.1) lib/action_dispatch/middleware/static.rb:27:in `call'
rack (3.2.6) lib/rack/sendfile.rb:131:in `call'
actionpack (7.2.3.1) lib/action_dispatch/middleware/host_authorization.rb:143:in `call'
rack-cors (3.0.0) lib/rack/cors.rb:102:in `call'
railties (7.2.3.1) lib/rails/engine.rb:535:in `call'
puma (8.0.1) lib/puma/configuration.rb:305:in `call'
puma (8.0.1) lib/puma/response.rb:79:in `block in handle_request'
puma (8.0.1) lib/puma/thread_pool.rb:434:in `with_force_shutdown'
puma (8.0.1) lib/puma/response.rb:78:in `handle_request'
puma (8.0.1) lib/puma/server.rb:508:in `process_client'
puma (8.0.1) lib/puma/server.rb:263:in `block in run'
puma (8.0.1) lib/puma/thread_pool.rb:246:in `block in spawn_thread'
Started GET "/api/v1/scripts" for ::1 at 2026-05-06 12:10:46 +0800
  [1m[36mActiveRecord::SchemaMigration Load (0.5ms)[0m  [1m[34mSELECT "schema_migrations"."version" FROM "schema_migrations" ORDER BY "schema_migrations"."version" ASC[0m
  
ActiveRecord::PendingMigrationError (

Migrations are pending. To resolve this issue, run:

        bin/rails db:migrate

You have 2 pending migrations:

db/migrate/20260506030000_add_gender_to_users.rb
db/migrate/20260506030001_add_host_in_game_to_events.rb


):
  
activerecord (7.2.3.1) lib/active_record/migration.rb:756:in `check_pending_migrations'
activerecord (7.2.3.1) lib/active_record/migration.rb:663:in `block (2 levels) in call'
activesupport (7.2.3.1) lib/active_support/file_update_checker.rb:85:in `execute'
activerecord (7.2.3.1) lib/active_record/migration.rb:668:in `block in call'
activerecord (7.2.3.1) lib/active_record/migration.rb:660:in `synchronize'
activerecord (7.2.3.1) lib/active_record/migration.rb:660:in `call'
actionpack (7.2.3.1) lib/action_dispatch/middleware/callbacks.rb:31:in `block in call'
activesupport (7.2.3.1) lib/active_support/callbacks.rb:101:in `run_callbacks'
actionpack (7.2.3.1) lib/action_dispatch/middleware/callbacks.rb:30:in `call'
actionpack (7.2.3.1) lib/action_dispatch/middleware/executor.rb:16:in `call'
actionpack (7.2.3.1) lib/action_dispatch/middleware/actionable_exceptions.rb:18:in `call'
actionpack (7.2.3.1) lib/action_dispatch/middleware/debug_exceptions.rb:31:in `call'
actionpack (7.2.3.1) lib/action_dispatch/middleware/show_exceptions.rb:32:in `call'
railties (7.2.3.1) lib/rails/rack/logger.rb:41:in `call_app'
railties (7.2.3.1) lib/rails/rack/logger.rb:29:in `call'
actionpack (7.2.3.1) lib/action_dispatch/middleware/remote_ip.rb:96:in `call'
actionpack (7.2.3.1) lib/action_dispatch/middleware/request_id.rb:33:in `call'
rack (3.2.6) lib/rack/runtime.rb:24:in `call'
activesupport (7.2.3.1) lib/active_support/cache/strategy/local_cache_middleware.rb:29:in `call'
actionpack (7.2.3.1) lib/action_dispatch/middleware/server_timing.rb:61:in `block in call'
actionpack (7.2.3.1) lib/action_dispatch/middleware/server_timing.rb:26:in `collect_events'
actionpack (7.2.3.1) lib/action_dispatch/middleware/server_timing.rb:60:in `call'
actionpack (7.2.3.1) lib/action_dispatch/middleware/executor.rb:16:in `call'
actionpack (7.2.3.1) lib/action_dispatch/middleware/static.rb:27:in `call'
rack (3.2.6) lib/rack/sendfile.rb:131:in `call'
actionpack (7.2.3.1) lib/action_dispatch/middleware/host_authorization.rb:143:in `call'
rack-cors (3.0.0) lib/rack/cors.rb:102:in `call'
railties (7.2.3.1) lib/rails/engine.rb:535:in `call'
puma (8.0.1) lib/puma/configuration.rb:305:in `call'
puma (8.0.1) lib/puma/response.rb:79:in `block in handle_request'
puma (8.0.1) lib/puma/thread_pool.rb:434:in `with_force_shutdown'
puma (8.0.1) lib/puma/response.rb:78:in `handle_request'
puma (8.0.1) lib/puma/server.rb:508:in `process_client'
puma (8.0.1) lib/puma/server.rb:263:in `block in run'
puma (8.0.1) lib/puma/thread_pool.rb:246:in `block in spawn_thread'
Started GET "/api/v1/events" for ::1 at 2026-05-06 12:10:49 +0800
  [1m[36mActiveRecord::SchemaMigration Load (0.6ms)[0m  [1m[34mSELECT "schema_migrations"."version" FROM "schema_migrations" ORDER BY "schema_migrations"."version" ASC[0m
  
ActiveRecord::PendingMigrationError (

Migrations are pending. To resolve this issue, run:

        bin/rails db:migrate

You have 2 pending migrations:

db/migrate/20260506030000_add_gender_to_users.rb
db/migrate/20260506030001_add_host_in_game_to_events.rb


):
  
activerecord (7.2.3.1) lib/active_record/migration.rb:756:in `check_pending_migrations'
activerecord (7.2.3.1) lib/active_record/migration.rb:663:in `block (2 levels) in call'
activesupport (7.2.3.1) lib/active_support/file_update_checker.rb:85:in `execute'
activerecord (7.2.3.1) lib/active_record/migration.rb:668:in `block in call'
activerecord (7.2.3.1) lib/active_record/migration.rb:660:in `synchronize'
activerecord (7.2.3.1) lib/active_record/migration.rb:660:in `call'
actionpack (7.2.3.1) lib/action_dispatch/middleware/callbacks.rb:31:in `block in call'
activesupport (7.2.3.1) lib/active_support/callbacks.rb:101:in `run_callbacks'
actionpack (7.2.3.1) lib/action_dispatch/middleware/callbacks.rb:30:in `call'
actionpack (7.2.3.1) lib/action_dispatch/middleware/executor.rb:16:in `call'
actionpack (7.2.3.1) lib/action_dispatch/middleware/actionable_exceptions.rb:18:in `call'
actionpack (7.2.3.1) lib/action_dispatch/middleware/debug_exceptions.rb:31:in `call'
actionpack (7.2.3.1) lib/action_dispatch/middleware/show_exceptions.rb:32:in `call'
railties (7.2.3.1) lib/rails/rack/logger.rb:41:in `call_app'
railties (7.2.3.1) lib/rails/rack/logger.rb:29:in `call'
actionpack (7.2.3.1) lib/action_dispatch/middleware/remote_ip.rb:96:in `call'
actionpack (7.2.3.1) lib/action_dispatch/middleware/request_id.rb:33:in `call'
rack (3.2.6) lib/rack/runtime.rb:24:in `call'
activesupport (7.2.3.1) lib/active_support/cache/strategy/local_cache_middleware.rb:29:in `call'
actionpack (7.2.3.1) lib/action_dispatch/middleware/server_timing.rb:61:in `block in call'
actionpack (7.2.3.1) lib/action_dispatch/middleware/server_timing.rb:26:in `collect_events'
actionpack (7.2.3.1) lib/action_dispatch/middleware/server_timing.rb:60:in `call'
actionpack (7.2.3.1) lib/action_dispatch/middleware/executor.rb:16:in `call'
actionpack (7.2.3.1) lib/action_dispatch/middleware/static.rb:27:in `call'
rack (3.2.6) lib/rack/sendfile.rb:131:in `call'
actionpack (7.2.3.1) lib/action_dispatch/middleware/host_authorization.rb:143:in `call'
rack-cors (3.0.0) lib/rack/cors.rb:102:in `call'
railties (7.2.3.1) lib/rails/engine.rb:535:in `call'
puma (8.0.1) lib/puma/configuration.rb:305:in `call'
puma (8.0.1) lib/puma/response.rb:79:in `block in handle_request'
puma (8.0.1) lib/puma/thread_pool.rb:434:in `with_force_shutdown'
puma (8.0.1) lib/puma/response.rb:78:in `handle_request'
puma (8.0.1) lib/puma/server.rb:508:in `process_client'
puma (8.0.1) lib/puma/server.rb:263:in `block in run'
puma (8.0.1) lib/puma/thread_pool.rb:246:in `block in spawn_thread'
Started GET "/api/v1/events" for ::1 at 2026-05-06 12:10:49 +0800
  [1m[36mActiveRecord::SchemaMigration Load (0.6ms)[0m  [1m[34mSELECT "schema_migrations"."version" FROM "schema_migrations" ORDER BY "schema_migrations"."version" ASC[0m
  
ActiveRecord::PendingMigrationError (

Migrations are pending. To resolve this issue, run:

        bin/rails db:migrate

You have 2 pending migrations:

db/migrate/20260506030000_add_gender_to_users.rb
db/migrate/20260506030001_add_host_in_game_to_events.rb


):
  
activerecord (7.2.3.1) lib/active_record/migration.rb:756:in `check_pending_migrations'
activerecord (7.2.3.1) lib/active_record/migration.rb:663:in `block (2 levels) in call'
activesupport (7.2.3.1) lib/active_support/file_update_checker.rb:85:in `execute'
activerecord (7.2.3.1) lib/active_record/migration.rb:668:in `block in call'
activerecord (7.2.3.1) lib/active_record/migration.rb:660:in `synchronize'
activerecord (7.2.3.1) lib/active_record/migration.rb:660:in `call'
actionpack (7.2.3.1) lib/action_dispatch/middleware/callbacks.rb:31:in `block in call'
activesupport (7.2.3.1) lib/active_support/callbacks.rb:101:in `run_callbacks'
actionpack (7.2.3.1) lib/action_dispatch/middleware/callbacks.rb:30:in `call'
actionpack (7.2.3.1) lib/action_dispatch/middleware/executor.rb:16:in `call'
actionpack (7.2.3.1) lib/action_dispatch/middleware/actionable_exceptions.rb:18:in `call'
actionpack (7.2.3.1) lib/action_dispatch/middleware/debug_exceptions.rb:31:in `call'
actionpack (7.2.3.1) lib/action_dispatch/middleware/show_exceptions.rb:32:in `call'
railties (7.2.3.1) lib/rails/rack/logger.rb:41:in `call_app'
railties (7.2.3.1) lib/rails/rack/logger.rb:29:in `call'
actionpack (7.2.3.1) lib/action_dispatch/middleware/remote_ip.rb:96:in `call'
actionpack (7.2.3.1) lib/action_dispatch/middleware/request_id.rb:33:in `call'
rack (3.2.6) lib/rack/runtime.rb:24:in `call'
activesupport (7.2.3.1) lib/active_support/cache/strategy/local_cache_middleware.rb:29:in `call'
actionpack (7.2.3.1) lib/action_dispatch/middleware/server_timing.rb:61:in `block in call'
actionpack (7.2.3.1) lib/action_dispatch/middleware/server_timing.rb:26:in `collect_events'
actionpack (7.2.3.1) lib/action_dispatch/middleware/server_timing.rb:60:in `call'
actionpack (7.2.3.1) lib/action_dispatch/middleware/executor.rb:16:in `call'
actionpack (7.2.3.1) lib/action_dispatch/middleware/static.rb:27:in `call'
rack (3.2.6) lib/rack/sendfile.rb:131:in `call'
actionpack (7.2.3.1) lib/action_dispatch/middleware/host_authorization.rb:143:in `call'
rack-cors (3.0.0) lib/rack/cors.rb:102:in `call'
railties (7.2.3.1) lib/rails/engine.rb:535:in `call'
puma (8.0.1) lib/puma/configuration.rb:305:in `call'
puma (8.0.1) lib/puma/response.rb:79:in `block in handle_request'
puma (8.0.1) lib/puma/thread_pool.rb:434:in `with_force_shutdown'
puma (8.0.1) lib/puma/response.rb:78:in `handle_request'
puma (8.0.1) lib/puma/server.rb:508:in `process_client'
puma (8.0.1) lib/puma/server.rb:263:in `block in run'
puma (8.0.1) lib/puma/thread_pool.rb:246:in `block in spawn_thread'
Started GET "/api/v1/scripts" for ::1 at 2026-05-06 12:10:50 +0800
  [1m[36mActiveRecord::SchemaMigration Load (0.7ms)[0m  [1m[34mSELECT "schema_migrations"."version" FROM "schema_migrations" ORDER BY "schema_migrations"."version" ASC[0m
  
ActiveRecord::PendingMigrationError (

Migrations are pending. To resolve this issue, run:

        bin/rails db:migrate

You have 2 pending migrations:

db/migrate/20260506030000_add_gender_to_users.rb
db/migrate/20260506030001_add_host_in_game_to_events.rb


):
  
activerecord (7.2.3.1) lib/active_record/migration.rb:756:in `check_pending_migrations'
activerecord (7.2.3.1) lib/active_record/migration.rb:663:in `block (2 levels) in call'
activesupport (7.2.3.1) lib/active_support/file_update_checker.rb:85:in `execute'
activerecord (7.2.3.1) lib/active_record/migration.rb:668:in `block in call'
activerecord (7.2.3.1) lib/active_record/migration.rb:660:in `synchronize'
activerecord (7.2.3.1) lib/active_record/migration.rb:660:in `call'
actionpack (7.2.3.1) lib/action_dispatch/middleware/callbacks.rb:31:in `block in call'
activesupport (7.2.3.1) lib/active_support/callbacks.rb:101:in `run_callbacks'
actionpack (7.2.3.1) lib/action_dispatch/middleware/callbacks.rb:30:in `call'
actionpack (7.2.3.1) lib/action_dispatch/middleware/executor.rb:16:in `call'
actionpack (7.2.3.1) lib/action_dispatch/middleware/actionable_exceptions.rb:18:in `call'
actionpack (7.2.3.1) lib/action_dispatch/middleware/debug_exceptions.rb:31:in `call'
actionpack (7.2.3.1) lib/action_dispatch/middleware/show_exceptions.rb:32:in `call'
railties (7.2.3.1) lib/rails/rack/logger.rb:41:in `call_app'
railties (7.2.3.1) lib/rails/rack/logger.rb:29:in `call'
actionpack (7.2.3.1) lib/action_dispatch/middleware/remote_ip.rb:96:in `call'
actionpack (7.2.3.1) lib/action_dispatch/middleware/request_id.rb:33:in `call'
rack (3.2.6) lib/rack/runtime.rb:24:in `call'
activesupport (7.2.3.1) lib/active_support/cache/strategy/local_cache_middleware.rb:29:in `call'
actionpack (7.2.3.1) lib/action_dispatch/middleware/server_timing.rb:61:in `block in call'
actionpack (7.2.3.1) lib/action_dispatch/middleware/server_timing.rb:26:in `collect_events'
actionpack (7.2.3.1) lib/action_dispatch/middleware/server_timing.rb:60:in `call'
actionpack (7.2.3.1) lib/action_dispatch/middleware/executor.rb:16:in `call'
actionpack (7.2.3.1) lib/action_dispatch/middleware/static.rb:27:in `call'
rack (3.2.6) lib/rack/sendfile.rb:131:in `call'
actionpack (7.2.3.1) lib/action_dispatch/middleware/host_authorization.rb:143:in `call'
rack-cors (3.0.0) lib/rack/cors.rb:102:in `call'
railties (7.2.3.1) lib/rails/engine.rb:535:in `call'
puma (8.0.1) lib/puma/configuration.rb:305:in `call'
puma (8.0.1) lib/puma/response.rb:79:in `block in handle_request'
puma (8.0.1) lib/puma/thread_pool.rb:434:in `with_force_shutdown'
puma (8.0.1) lib/puma/response.rb:78:in `handle_request'
puma (8.0.1) lib/puma/server.rb:508:in `process_client'
puma (8.0.1) lib/puma/server.rb:263:in `block in run'
puma (8.0.1) lib/puma/thread_pool.rb:246:in `block in spawn_thread'
Started GET "/api/v1/scripts" for ::1 at 2026-05-06 12:10:50 +0800
  [1m[36mActiveRecord::SchemaMigration Load (0.6ms)[0m  [1m[34mSELECT "schema_migrations"."version" FROM "schema_migrations" ORDER BY "schema_migrations"."version" ASC[0m
  
ActiveRecord::PendingMigrationError (

Migrations are pending. To resolve this issue, run:

        bin/rails db:migrate

You have 2 pending migrations:

db/migrate/20260506030000_add_gender_to_users.rb
db/migrate/20260506030001_add_host_in_game_to_events.rb


):
  
activerecord (7.2.3.1) lib/active_record/migration.rb:756:in `check_pending_migrations'
activerecord (7.2.3.1) lib/active_record/migration.rb:663:in `block (2 levels) in call'
activesupport (7.2.3.1) lib/active_support/file_update_checker.rb:85:in `execute'
activerecord (7.2.3.1) lib/active_record/migration.rb:668:in `block in call'
activerecord (7.2.3.1) lib/active_record/migration.rb:660:in `synchronize'
activerecord (7.2.3.1) lib/active_record/migration.rb:660:in `call'
actionpack (7.2.3.1) lib/action_dispatch/middleware/callbacks.rb:31:in `block in call'
activesupport (7.2.3.1) lib/active_support/callbacks.rb:101:in `run_callbacks'
actionpack (7.2.3.1) lib/action_dispatch/middleware/callbacks.rb:30:in `call'
actionpack (7.2.3.1) lib/action_dispatch/middleware/executor.rb:16:in `call'
actionpack (7.2.3.1) lib/action_dispatch/middleware/actionable_exceptions.rb:18:in `call'
actionpack (7.2.3.1) lib/action_dispatch/middleware/debug_exceptions.rb:31:in `call'
actionpack (7.2.3.1) lib/action_dispatch/middleware/show_exceptions.rb:32:in `call'
railties (7.2.3.1) lib/rails/rack/logger.rb:41:in `call_app'
railties (7.2.3.1) lib/rails/rack/logger.rb:29:in `call'
actionpack (7.2.3.1) lib/action_dispatch/middleware/remote_ip.rb:96:in `call'
actionpack (7.2.3.1) lib/action_dispatch/middleware/request_id.rb:33:in `call'
rack (3.2.6) lib/rack/runtime.rb:24:in `call'
activesupport (7.2.3.1) lib/active_support/cache/strategy/local_cache_middleware.rb:29:in `call'
actionpack (7.2.3.1) lib/action_dispatch/middleware/server_timing.rb:61:in `block in call'
actionpack (7.2.3.1) lib/action_dispatch/middleware/server_timing.rb:26:in `collect_events'
actionpack (7.2.3.1) lib/action_dispatch/middleware/server_timing.rb:60:in `call'
actionpack (7.2.3.1) lib/action_dispatch/middleware/executor.rb:16:in `call'
actionpack (7.2.3.1) lib/action_dispatch/middleware/static.rb:27:in `call'
rack (3.2.6) lib/rack/sendfile.rb:131:in `call'
actionpack (7.2.3.1) lib/action_dispatch/middleware/host_authorization.rb:143:in `call'
rack-cors (3.0.0) lib/rack/cors.rb:102:in `call'
railties (7.2.3.1) lib/rails/engine.rb:535:in `call'
puma (8.0.1) lib/puma/configuration.rb:305:in `call'
puma (8.0.1) lib/puma/response.rb:79:in `block in handle_request'
puma (8.0.1) lib/puma/thread_pool.rb:434:in `with_force_shutdown'
puma (8.0.1) lib/puma/response.rb:78:in `handle_request'
puma (8.0.1) lib/puma/server.rb:508:in `process_client'
puma (8.0.1) lib/puma/server.rb:263:in `block in run'
puma (8.0.1) lib/puma/thread_pool.rb:246:in `block in spawn_thread'
Started GET "/api/v1/events" for ::1 at 2026-05-06 12:11:18 +0800
  [1m[36mActiveRecord::SchemaMigration Load (0.7ms)[0m  [1m[34mSELECT "schema_migrations"."version" FROM "schema_migrations" ORDER BY "schema_migrations"."version" ASC[0m
  
ActiveRecord::PendingMigrationError (

Migrations are pending. To resolve this issue, run:

        bin/rails db:migrate

You have 2 pending migrations:

db/migrate/20260506030000_add_gender_to_users.rb
db/migrate/20260506030001_add_host_in_game_to_events.rb


):
  
activerecord (7.2.3.1) lib/active_record/migration.rb:756:in `check_pending_migrations'
activerecord (7.2.3.1) lib/active_record/migration.rb:663:in `block (2 levels) in call'
activesupport (7.2.3.1) lib/active_support/file_update_checker.rb:85:in `execute'
activerecord (7.2.3.1) lib/active_record/migration.rb:668:in `block in call'
activerecord (7.2.3.1) lib/active_record/migration.rb:660:in `synchronize'
activerecord (7.2.3.1) lib/active_record/migration.rb:660:in `call'
actionpack (7.2.3.1) lib/action_dispatch/middleware/callbacks.rb:31:in `block in call'
activesupport (7.2.3.1) lib/active_support/callbacks.rb:101:in `run_callbacks'
actionpack (7.2.3.1) lib/action_dispatch/middleware/callbacks.rb:30:in `call'
actionpack (7.2.3.1) lib/action_dispatch/middleware/executor.rb:16:in `call'
actionpack (7.2.3.1) lib/action_dispatch/middleware/actionable_exceptions.rb:18:in `call'
actionpack (7.2.3.1) lib/action_dispatch/middleware/debug_exceptions.rb:31:in `call'
actionpack (7.2.3.1) lib/action_dispatch/middleware/show_exceptions.rb:32:in `call'
railties (7.2.3.1) lib/rails/rack/logger.rb:41:in `call_app'
railties (7.2.3.1) lib/rails/rack/logger.rb:29:in `call'
actionpack (7.2.3.1) lib/action_dispatch/middleware/remote_ip.rb:96:in `call'
actionpack (7.2.3.1) lib/action_dispatch/middleware/request_id.rb:33:in `call'
rack (3.2.6) lib/rack/runtime.rb:24:in `call'
activesupport (7.2.3.1) lib/active_support/cache/strategy/local_cache_middleware.rb:29:in `call'
actionpack (7.2.3.1) lib/action_dispatch/middleware/server_timing.rb:61:in `block in call'
actionpack (7.2.3.1) lib/action_dispatch/middleware/server_timing.rb:26:in `collect_events'
actionpack (7.2.3.1) lib/action_dispatch/middleware/server_timing.rb:60:in `call'
actionpack (7.2.3.1) lib/action_dispatch/middleware/executor.rb:16:in `call'
actionpack (7.2.3.1) lib/action_dispatch/middleware/static.rb:27:in `call'
rack (3.2.6) lib/rack/sendfile.rb:131:in `call'
actionpack (7.2.3.1) lib/action_dispatch/middleware/host_authorization.rb:143:in `call'
rack-cors (3.0.0) lib/rack/cors.rb:102:in `call'
railties (7.2.3.1) lib/rails/engine.rb:535:in `call'
puma (8.0.1) lib/puma/configuration.rb:305:in `call'
puma (8.0.1) lib/puma/response.rb:79:in `block in handle_request'
puma (8.0.1) lib/puma/thread_pool.rb:434:in `with_force_shutdown'
puma (8.0.1) lib/puma/response.rb:78:in `handle_request'
puma (8.0.1) lib/puma/server.rb:508:in `process_client'
puma (8.0.1) lib/puma/server.rb:263:in `block in run'
puma (8.0.1) lib/puma/thread_pool.rb:246:in `block in spawn_thread'
Started GET "/api/v1/events" for ::1 at 2026-05-06 12:11:18 +0800
  [1m[36mActiveRecord::SchemaMigration Load (0.5ms)[0m  [1m[34mSELECT "schema_migrations"."version" FROM "schema_migrations" ORDER BY "schema_migrations"."version" ASC[0m
  
ActiveRecord::PendingMigrationError (

Migrations are pending. To resolve this issue, run:

        bin/rails db:migrate

You have 2 pending migrations:

db/migrate/20260506030000_add_gender_to_users.rb
db/migrate/20260506030001_add_host_in_game_to_events.rb


):
  
activerecord (7.2.3.1) lib/active_record/migration.rb:756:in `check_pending_migrations'
activerecord (7.2.3.1) lib/active_record/migration.rb:663:in `block (2 levels) in call'
activesupport (7.2.3.1) lib/active_support/file_update_checker.rb:85:in `execute'
activerecord (7.2.3.1) lib/active_record/migration.rb:668:in `block in call'
activerecord (7.2.3.1) lib/active_record/migration.rb:660:in `synchronize'
activerecord (7.2.3.1) lib/active_record/migration.rb:660:in `call'
actionpack (7.2.3.1) lib/action_dispatch/middleware/callbacks.rb:31:in `block in call'
activesupport (7.2.3.1) lib/active_support/callbacks.rb:101:in `run_callbacks'
actionpack (7.2.3.1) lib/action_dispatch/middleware/callbacks.rb:30:in `call'
actionpack (7.2.3.1) lib/action_dispatch/middleware/executor.rb:16:in `call'
actionpack (7.2.3.1) lib/action_dispatch/middleware/actionable_exceptions.rb:18:in `call'
actionpack (7.2.3.1) lib/action_dispatch/middleware/debug_exceptions.rb:31:in `call'
actionpack (7.2.3.1) lib/action_dispatch/middleware/show_exceptions.rb:32:in `call'
railties (7.2.3.1) lib/rails/rack/logger.rb:41:in `call_app'
railties (7.2.3.1) lib/rails/rack/logger.rb:29:in `call'
actionpack (7.2.3.1) lib/action_dispatch/middleware/remote_ip.rb:96:in `call'
actionpack (7.2.3.1) lib/action_dispatch/middleware/request_id.rb:33:in `call'
rack (3.2.6) lib/rack/runtime.rb:24:in `call'
activesupport (7.2.3.1) lib/active_support/cache/strategy/local_cache_middleware.rb:29:in `call'
actionpack (7.2.3.1) lib/action_dispatch/middleware/server_timing.rb:61:in `block in call'
actionpack (7.2.3.1) lib/action_dispatch/middleware/server_timing.rb:26:in `collect_events'
actionpack (7.2.3.1) lib/action_dispatch/middleware/server_timing.rb:60:in `call'
actionpack (7.2.3.1) lib/action_dispatch/middleware/executor.rb:16:in `call'
actionpack (7.2.3.1) lib/action_dispatch/middleware/static.rb:27:in `call'
rack (3.2.6) lib/rack/sendfile.rb:131:in `call'
actionpack (7.2.3.1) lib/action_dispatch/middleware/host_authorization.rb:143:in `call'
rack-cors (3.0.0) lib/rack/cors.rb:102:in `call'
railties (7.2.3.1) lib/rails/engine.rb:535:in `call'
puma (8.0.1) lib/puma/configuration.rb:305:in `call'
puma (8.0.1) lib/puma/response.rb:79:in `block in handle_request'
puma (8.0.1) lib/puma/thread_pool.rb:434:in `with_force_shutdown'
puma (8.0.1) lib/puma/response.rb:78:in `handle_request'
puma (8.0.1) lib/puma/server.rb:508:in `process_client'
puma (8.0.1) lib/puma/server.rb:263:in `block in run'
puma (8.0.1) lib/puma/thread_pool.rb:246:in `block in spawn_thread'
Started GET "/api/v1/scripts" for ::1 at 2026-05-06 12:11:19 +0800
  [1m[36mActiveRecord::SchemaMigration Load (0.6ms)[0m  [1m[34mSELECT "schema_migrations"."version" FROM "schema_migrations" ORDER BY "schema_migrations"."version" ASC[0m
  
ActiveRecord::PendingMigrationError (

Migrations are pending. To resolve this issue, run:

        bin/rails db:migrate

You have 2 pending migrations:

db/migrate/20260506030000_add_gender_to_users.rb
db/migrate/20260506030001_add_host_in_game_to_events.rb


):
  
activerecord (7.2.3.1) lib/active_record/migration.rb:756:in `check_pending_migrations'
activerecord (7.2.3.1) lib/active_record/migration.rb:663:in `block (2 levels) in call'
activesupport (7.2.3.1) lib/active_support/file_update_checker.rb:85:in `execute'
activerecord (7.2.3.1) lib/active_record/migration.rb:668:in `block in call'
activerecord (7.2.3.1) lib/active_record/migration.rb:660:in `synchronize'
activerecord (7.2.3.1) lib/active_record/migration.rb:660:in `call'
actionpack (7.2.3.1) lib/action_dispatch/middleware/callbacks.rb:31:in `block in call'
activesupport (7.2.3.1) lib/active_support/callbacks.rb:101:in `run_callbacks'
actionpack (7.2.3.1) lib/action_dispatch/middleware/callbacks.rb:30:in `call'
actionpack (7.2.3.1) lib/action_dispatch/middleware/executor.rb:16:in `call'
actionpack (7.2.3.1) lib/action_dispatch/middleware/actionable_exceptions.rb:18:in `call'
actionpack (7.2.3.1) lib/action_dispatch/middleware/debug_exceptions.rb:31:in `call'
actionpack (7.2.3.1) lib/action_dispatch/middleware/show_exceptions.rb:32:in `call'
railties (7.2.3.1) lib/rails/rack/logger.rb:41:in `call_app'
railties (7.2.3.1) lib/rails/rack/logger.rb:29:in `call'
actionpack (7.2.3.1) lib/action_dispatch/middleware/remote_ip.rb:96:in `call'
actionpack (7.2.3.1) lib/action_dispatch/middleware/request_id.rb:33:in `call'
rack (3.2.6) lib/rack/runtime.rb:24:in `call'
activesupport (7.2.3.1) lib/active_support/cache/strategy/local_cache_middleware.rb:29:in `call'
actionpack (7.2.3.1) lib/action_dispatch/middleware/server_timing.rb:61:in `block in call'
actionpack (7.2.3.1) lib/action_dispatch/middleware/server_timing.rb:26:in `collect_events'
actionpack (7.2.3.1) lib/action_dispatch/middleware/server_timing.rb:60:in `call'
actionpack (7.2.3.1) lib/action_dispatch/middleware/executor.rb:16:in `call'
actionpack (7.2.3.1) lib/action_dispatch/middleware/static.rb:27:in `call'
rack (3.2.6) lib/rack/sendfile.rb:131:in `call'
actionpack (7.2.3.1) lib/action_dispatch/middleware/host_authorization.rb:143:in `call'
rack-cors (3.0.0) lib/rack/cors.rb:102:in `call'
railties (7.2.3.1) lib/rails/engine.rb:535:in `call'
puma (8.0.1) lib/puma/configuration.rb:305:in `call'
puma (8.0.1) lib/puma/response.rb:79:in `block in handle_request'
puma (8.0.1) lib/puma/thread_pool.rb:434:in `with_force_shutdown'
puma (8.0.1) lib/puma/response.rb:78:in `handle_request'
puma (8.0.1) lib/puma/server.rb:508:in `process_client'
puma (8.0.1) lib/puma/server.rb:263:in `block in run'
puma (8.0.1) lib/puma/thread_pool.rb:246:in `block in spawn_thread'
Started GET "/api/v1/scripts" for ::1 at 2026-05-06 12:11:19 +0800
  [1m[36mActiveRecord::SchemaMigration Load (0.6ms)[0m  [1m[34mSELECT "schema_migrations"."version" FROM "schema_migrations" ORDER BY "schema_migrations"."version" ASC[0m
  
ActiveRecord::PendingMigrationError (

Migrations are pending. To resolve this issue, run:

        bin/rails db:migrate

You have 2 pending migrations:

db/migrate/20260506030000_add_gender_to_users.rb
db/migrate/20260506030001_add_host_in_game_to_events.rb


):
  
activerecord (7.2.3.1) lib/active_record/migration.rb:756:in `check_pending_migrations'
activerecord (7.2.3.1) lib/active_record/migration.rb:663:in `block (2 levels) in call'
activesupport (7.2.3.1) lib/active_support/file_update_checker.rb:85:in `execute'
activerecord (7.2.3.1) lib/active_record/migration.rb:668:in `block in call'
activerecord (7.2.3.1) lib/active_record/migration.rb:660:in `synchronize'
activerecord (7.2.3.1) lib/active_record/migration.rb:660:in `call'
actionpack (7.2.3.1) lib/action_dispatch/middleware/callbacks.rb:31:in `block in call'
activesupport (7.2.3.1) lib/active_support/callbacks.rb:101:in `run_callbacks'
actionpack (7.2.3.1) lib/action_dispatch/middleware/callbacks.rb:30:in `call'
actionpack (7.2.3.1) lib/action_dispatch/middleware/executor.rb:16:in `call'
actionpack (7.2.3.1) lib/action_dispatch/middleware/actionable_exceptions.rb:18:in `call'
actionpack (7.2.3.1) lib/action_dispatch/middleware/debug_exceptions.rb:31:in `call'
actionpack (7.2.3.1) lib/action_dispatch/middleware/show_exceptions.rb:32:in `call'
railties (7.2.3.1) lib/rails/rack/logger.rb:41:in `call_app'
railties (7.2.3.1) lib/rails/rack/logger.rb:29:in `call'
actionpack (7.2.3.1) lib/action_dispatch/middleware/remote_ip.rb:96:in `call'
actionpack (7.2.3.1) lib/action_dispatch/middleware/request_id.rb:33:in `call'
rack (3.2.6) lib/rack/runtime.rb:24:in `call'
activesupport (7.2.3.1) lib/active_support/cache/strategy/local_cache_middleware.rb:29:in `call'
actionpack (7.2.3.1) lib/action_dispatch/middleware/server_timing.rb:61:in `block in call'
actionpack (7.2.3.1) lib/action_dispatch/middleware/server_timing.rb:26:in `collect_events'
actionpack (7.2.3.1) lib/action_dispatch/middleware/server_timing.rb:60:in `call'
actionpack (7.2.3.1) lib/action_dispatch/middleware/executor.rb:16:in `call'
actionpack (7.2.3.1) lib/action_dispatch/middleware/static.rb:27:in `call'
rack (3.2.6) lib/rack/sendfile.rb:131:in `call'
actionpack (7.2.3.1) lib/action_dispatch/middleware/host_authorization.rb:143:in `call'
rack-cors (3.0.0) lib/rack/cors.rb:102:in `call'
railties (7.2.3.1) lib/rails/engine.rb:535:in `call'
puma (8.0.1) lib/puma/configuration.rb:305:in `call'
puma (8.0.1) lib/puma/response.rb:79:in `block in handle_request'
puma (8.0.1) lib/puma/thread_pool.rb:434:in `with_force_shutdown'
puma (8.0.1) lib/puma/response.rb:78:in `handle_request'
puma (8.0.1) lib/puma/server.rb:508:in `process_client'
puma (8.0.1) lib/puma/server.rb:263:in `block in run'
puma (8.0.1) lib/puma/thread_pool.rb:246:in `block in spawn_thread'
Started GET "/api/v1/events" for ::1 at 2026-05-06 12:11:20 +0800
  [1m[36mActiveRecord::SchemaMigration Load (0.5ms)[0m  [1m[34mSELECT "schema_migrations"."version" FROM "schema_migrations" ORDER BY "schema_migrations"."version" ASC[0m
  
ActiveRecord::PendingMigrationError (

Migrations are pending. To resolve this issue, run:

        bin/rails db:migrate

You have 2 pending migrations:

db/migrate/20260506030000_add_gender_to_users.rb
db/migrate/20260506030001_add_host_in_game_to_events.rb


):
  
activerecord (7.2.3.1) lib/active_record/migration.rb:756:in `check_pending_migrations'
activerecord (7.2.3.1) lib/active_record/migration.rb:663:in `block (2 levels) in call'
activesupport (7.2.3.1) lib/active_support/file_update_checker.rb:85:in `execute'
activerecord (7.2.3.1) lib/active_record/migration.rb:668:in `block in call'
activerecord (7.2.3.1) lib/active_record/migration.rb:660:in `synchronize'
activerecord (7.2.3.1) lib/active_record/migration.rb:660:in `call'
actionpack (7.2.3.1) lib/action_dispatch/middleware/callbacks.rb:31:in `block in call'
activesupport (7.2.3.1) lib/active_support/callbacks.rb:101:in `run_callbacks'
actionpack (7.2.3.1) lib/action_dispatch/middleware/callbacks.rb:30:in `call'
actionpack (7.2.3.1) lib/action_dispatch/middleware/executor.rb:16:in `call'
actionpack (7.2.3.1) lib/action_dispatch/middleware/actionable_exceptions.rb:18:in `call'
actionpack (7.2.3.1) lib/action_dispatch/middleware/debug_exceptions.rb:31:in `call'
actionpack (7.2.3.1) lib/action_dispatch/middleware/show_exceptions.rb:32:in `call'
railties (7.2.3.1) lib/rails/rack/logger.rb:41:in `call_app'
railties (7.2.3.1) lib/rails/rack/logger.rb:29:in `call'
actionpack (7.2.3.1) lib/action_dispatch/middleware/remote_ip.rb:96:in `call'
actionpack (7.2.3.1) lib/action_dispatch/middleware/request_id.rb:33:in `call'
rack (3.2.6) lib/rack/runtime.rb:24:in `call'
activesupport (7.2.3.1) lib/active_support/cache/strategy/local_cache_middleware.rb:29:in `call'
actionpack (7.2.3.1) lib/action_dispatch/middleware/server_timing.rb:61:in `block in call'
actionpack (7.2.3.1) lib/action_dispatch/middleware/server_timing.rb:26:in `collect_events'
actionpack (7.2.3.1) lib/action_dispatch/middleware/server_timing.rb:60:in `call'
actionpack (7.2.3.1) lib/action_dispatch/middleware/executor.rb:16:in `call'
actionpack (7.2.3.1) lib/action_dispatch/middleware/static.rb:27:in `call'
rack (3.2.6) lib/rack/sendfile.rb:131:in `call'
actionpack (7.2.3.1) lib/action_dispatch/middleware/host_authorization.rb:143:in `call'
rack-cors (3.0.0) lib/rack/cors.rb:102:in `call'
railties (7.2.3.1) lib/rails/engine.rb:535:in `call'
puma (8.0.1) lib/puma/configuration.rb:305:in `call'
puma (8.0.1) lib/puma/response.rb:79:in `block in handle_request'
puma (8.0.1) lib/puma/thread_pool.rb:434:in `with_force_shutdown'
puma (8.0.1) lib/puma/response.rb:78:in `handle_request'
puma (8.0.1) lib/puma/server.rb:508:in `process_client'
puma (8.0.1) lib/puma/server.rb:263:in `block in run'
puma (8.0.1) lib/puma/thread_pool.rb:246:in `block in spawn_thread'
Started GET "/api/v1/events" for ::1 at 2026-05-06 12:11:20 +0800
  [1m[36mActiveRecord::SchemaMigration Load (0.5ms)[0m  [1m[34mSELECT "schema_migrations"."version" FROM "schema_migrations" ORDER BY "schema_migrations"."version" ASC[0m
  
ActiveRecord::PendingMigrationError (

Migrations are pending. To resolve this issue, run:

        bin/rails db:migrate

You have 2 pending migrations:

db/migrate/20260506030000_add_gender_to_users.rb
db/migrate/20260506030001_add_host_in_game_to_events.rb


):
  
activerecord (7.2.3.1) lib/active_record/migration.rb:756:in `check_pending_migrations'
activerecord (7.2.3.1) lib/active_record/migration.rb:663:in `block (2 levels) in call'
activesupport (7.2.3.1) lib/active_support/file_update_checker.rb:85:in `execute'
activerecord (7.2.3.1) lib/active_record/migration.rb:668:in `block in call'
activerecord (7.2.3.1) lib/active_record/migration.rb:660:in `synchronize'
activerecord (7.2.3.1) lib/active_record/migration.rb:660:in `call'
actionpack (7.2.3.1) lib/action_dispatch/middleware/callbacks.rb:31:in `block in call'
activesupport (7.2.3.1) lib/active_support/callbacks.rb:101:in `run_callbacks'
actionpack (7.2.3.1) lib/action_dispatch/middleware/callbacks.rb:30:in `call'
actionpack (7.2.3.1) lib/action_dispatch/middleware/executor.rb:16:in `call'
actionpack (7.2.3.1) lib/action_dispatch/middleware/actionable_exceptions.rb:18:in `call'
actionpack (7.2.3.1) lib/action_dispatch/middleware/debug_exceptions.rb:31:in `call'
actionpack (7.2.3.1) lib/action_dispatch/middleware/show_exceptions.rb:32:in `call'
railties (7.2.3.1) lib/rails/rack/logger.rb:41:in `call_app'
railties (7.2.3.1) lib/rails/rack/logger.rb:29:in `call'
actionpack (7.2.3.1) lib/action_dispatch/middleware/remote_ip.rb:96:in `call'
actionpack (7.2.3.1) lib/action_dispatch/middleware/request_id.rb:33:in `call'
rack (3.2.6) lib/rack/runtime.rb:24:in `call'
activesupport (7.2.3.1) lib/active_support/cache/strategy/local_cache_middleware.rb:29:in `call'
actionpack (7.2.3.1) lib/action_dispatch/middleware/server_timing.rb:61:in `block in call'
actionpack (7.2.3.1) lib/action_dispatch/middleware/server_timing.rb:26:in `collect_events'
actionpack (7.2.3.1) lib/action_dispatch/middleware/server_timing.rb:60:in `call'
actionpack (7.2.3.1) lib/action_dispatch/middleware/executor.rb:16:in `call'
actionpack (7.2.3.1) lib/action_dispatch/middleware/static.rb:27:in `call'
rack (3.2.6) lib/rack/sendfile.rb:131:in `call'
actionpack (7.2.3.1) lib/action_dispatch/middleware/host_authorization.rb:143:in `call'
rack-cors (3.0.0) lib/rack/cors.rb:102:in `call'
railties (7.2.3.1) lib/rails/engine.rb:535:in `call'
puma (8.0.1) lib/puma/configuration.rb:305:in `call'
puma (8.0.1) lib/puma/response.rb:79:in `block in handle_request'
puma (8.0.1) lib/puma/thread_pool.rb:434:in `with_force_shutdown'
puma (8.0.1) lib/puma/response.rb:78:in `handle_request'
puma (8.0.1) lib/puma/server.rb:508:in `process_client'
puma (8.0.1) lib/puma/server.rb:263:in `block in run'
puma (8.0.1) lib/puma/thread_pool.rb:246:in `block in spawn_thread'
Started GET "/api/v1/scripts" for ::1 at 2026-05-06 12:12:28 +0800
  [1m[36mActiveRecord::SchemaMigration Load (21.7ms)[0m  [1m[34mSELECT "schema_migrations"."version" FROM "schema_migrations" ORDER BY "schema_migrations"."version" ASC[0m
  
ActiveRecord::PendingMigrationError (

Migrations are pending. To resolve this issue, run:

        bin/rails db:migrate

You have 2 pending migrations:

db/migrate/20260506030000_add_gender_to_users.rb
db/migrate/20260506030001_add_host_in_game_to_events.rb


):
  
activerecord (7.2.3.1) lib/active_record/migration.rb:756:in `check_pending_migrations'
activerecord (7.2.3.1) lib/active_record/migration.rb:663:in `block (2 levels) in call'
activesupport (7.2.3.1) lib/active_support/file_update_checker.rb:85:in `execute'
activerecord (7.2.3.1) lib/active_record/migration.rb:668:in `block in call'
activerecord (7.2.3.1) lib/active_record/migration.rb:660:in `synchronize'
activerecord (7.2.3.1) lib/active_record/migration.rb:660:in `call'
actionpack (7.2.3.1) lib/action_dispatch/middleware/callbacks.rb:31:in `block in call'
activesupport (7.2.3.1) lib/active_support/callbacks.rb:101:in `run_callbacks'
actionpack (7.2.3.1) lib/action_dispatch/middleware/callbacks.rb:30:in `call'
actionpack (7.2.3.1) lib/action_dispatch/middleware/executor.rb:16:in `call'
actionpack (7.2.3.1) lib/action_dispatch/middleware/actionable_exceptions.rb:18:in `call'
actionpack (7.2.3.1) lib/action_dispatch/middleware/debug_exceptions.rb:31:in `call'
actionpack (7.2.3.1) lib/action_dispatch/middleware/show_exceptions.rb:32:in `call'
railties (7.2.3.1) lib/rails/rack/logger.rb:41:in `call_app'
railties (7.2.3.1) lib/rails/rack/logger.rb:29:in `call'
actionpack (7.2.3.1) lib/action_dispatch/middleware/remote_ip.rb:96:in `call'
actionpack (7.2.3.1) lib/action_dispatch/middleware/request_id.rb:33:in `call'
rack (3.2.6) lib/rack/runtime.rb:24:in `call'
activesupport (7.2.3.1) lib/active_support/cache/strategy/local_cache_middleware.rb:29:in `call'
actionpack (7.2.3.1) lib/action_dispatch/middleware/server_timing.rb:61:in `block in call'
actionpack (7.2.3.1) lib/action_dispatch/middleware/server_timing.rb:26:in `collect_events'
actionpack (7.2.3.1) lib/action_dispatch/middleware/server_timing.rb:60:in `call'
actionpack (7.2.3.1) lib/action_dispatch/middleware/executor.rb:16:in `call'
actionpack (7.2.3.1) lib/action_dispatch/middleware/static.rb:27:in `call'
rack (3.2.6) lib/rack/sendfile.rb:131:in `call'
actionpack (7.2.3.1) lib/action_dispatch/middleware/host_authorization.rb:143:in `call'
rack-cors (3.0.0) lib/rack/cors.rb:102:in `call'
railties (7.2.3.1) lib/rails/engine.rb:535:in `call'
puma (8.0.1) lib/puma/configuration.rb:305:in `call'
puma (8.0.1) lib/puma/response.rb:79:in `block in handle_request'
puma (8.0.1) lib/puma/thread_pool.rb:434:in `with_force_shutdown'
puma (8.0.1) lib/puma/response.rb:78:in `handle_request'
puma (8.0.1) lib/puma/server.rb:508:in `process_client'
puma (8.0.1) lib/puma/server.rb:263:in `block in run'
puma (8.0.1) lib/puma/thread_pool.rb:246:in `block in spawn_thread'
Started GET "/api/v1/scripts" for ::1 at 2026-05-06 12:12:28 +0800
  [1m[36mActiveRecord::SchemaMigration Load (0.5ms)[0m  [1m[34mSELECT "schema_migrations"."version" FROM "schema_migrations" ORDER BY "schema_migrations"."version" ASC[0m
  
ActiveRecord::PendingMigrationError (

Migrations are pending. To resolve this issue, run:

        bin/rails db:migrate

You have 2 pending migrations:

db/migrate/20260506030000_add_gender_to_users.rb
db/migrate/20260506030001_add_host_in_game_to_events.rb


):
  
activerecord (7.2.3.1) lib/active_record/migration.rb:756:in `check_pending_migrations'
activerecord (7.2.3.1) lib/active_record/migration.rb:663:in `block (2 levels) in call'
activesupport (7.2.3.1) lib/active_support/file_update_checker.rb:85:in `execute'
activerecord (7.2.3.1) lib/active_record/migration.rb:668:in `block in call'
activerecord (7.2.3.1) lib/active_record/migration.rb:660:in `synchronize'
activerecord (7.2.3.1) lib/active_record/migration.rb:660:in `call'
actionpack (7.2.3.1) lib/action_dispatch/middleware/callbacks.rb:31:in `block in call'
activesupport (7.2.3.1) lib/active_support/callbacks.rb:101:in `run_callbacks'
actionpack (7.2.3.1) lib/action_dispatch/middleware/callbacks.rb:30:in `call'
actionpack (7.2.3.1) lib/action_dispatch/middleware/executor.rb:16:in `call'
actionpack (7.2.3.1) lib/action_dispatch/middleware/actionable_exceptions.rb:18:in `call'
actionpack (7.2.3.1) lib/action_dispatch/middleware/debug_exceptions.rb:31:in `call'
actionpack (7.2.3.1) lib/action_dispatch/middleware/show_exceptions.rb:32:in `call'
railties (7.2.3.1) lib/rails/rack/logger.rb:41:in `call_app'
railties (7.2.3.1) lib/rails/rack/logger.rb:29:in `call'
actionpack (7.2.3.1) lib/action_dispatch/middleware/remote_ip.rb:96:in `call'
actionpack (7.2.3.1) lib/action_dispatch/middleware/request_id.rb:33:in `call'
rack (3.2.6) lib/rack/runtime.rb:24:in `call'
activesupport (7.2.3.1) lib/active_support/cache/strategy/local_cache_middleware.rb:29:in `call'
actionpack (7.2.3.1) lib/action_dispatch/middleware/server_timing.rb:61:in `block in call'
actionpack (7.2.3.1) lib/action_dispatch/middleware/server_timing.rb:26:in `collect_events'
actionpack (7.2.3.1) lib/action_dispatch/middleware/server_timing.rb:60:in `call'
actionpack (7.2.3.1) lib/action_dispatch/middleware/executor.rb:16:in `call'
actionpack (7.2.3.1) lib/action_dispatch/middleware/static.rb:27:in `call'
rack (3.2.6) lib/rack/sendfile.rb:131:in `call'
actionpack (7.2.3.1) lib/action_dispatch/middleware/host_authorization.rb:143:in `call'
rack-cors (3.0.0) lib/rack/cors.rb:102:in `call'
railties (7.2.3.1) lib/rails/engine.rb:535:in `call'
puma (8.0.1) lib/puma/configuration.rb:305:in `call'
puma (8.0.1) lib/puma/response.rb:79:in `block in handle_request'
puma (8.0.1) lib/puma/thread_pool.rb:434:in `with_force_shutdown'
puma (8.0.1) lib/puma/response.rb:78:in `handle_request'
puma (8.0.1) lib/puma/server.rb:508:in `process_client'
puma (8.0.1) lib/puma/server.rb:263:in `block in run'
puma (8.0.1) lib/puma/thread_pool.rb:246:in `block in spawn_thread'
Started GET "/api/v1/events" for ::1 at 2026-05-06 12:12:29 +0800
  [1m[36mActiveRecord::SchemaMigration Load (0.4ms)[0m  [1m[34mSELECT "schema_migrations"."version" FROM "schema_migrations" ORDER BY "schema_migrations"."version" ASC[0m
  
ActiveRecord::PendingMigrationError (

Migrations are pending. To resolve this issue, run:

        bin/rails db:migrate

You have 2 pending migrations:

db/migrate/20260506030000_add_gender_to_users.rb
db/migrate/20260506030001_add_host_in_game_to_events.rb


):
  
activerecord (7.2.3.1) lib/active_record/migration.rb:756:in `check_pending_migrations'
activerecord (7.2.3.1) lib/active_record/migration.rb:663:in `block (2 levels) in call'
activesupport (7.2.3.1) lib/active_support/file_update_checker.rb:85:in `execute'
activerecord (7.2.3.1) lib/active_record/migration.rb:668:in `block in call'
activerecord (7.2.3.1) lib/active_record/migration.rb:660:in `synchronize'
activerecord (7.2.3.1) lib/active_record/migration.rb:660:in `call'
actionpack (7.2.3.1) lib/action_dispatch/middleware/callbacks.rb:31:in `block in call'
activesupport (7.2.3.1) lib/active_support/callbacks.rb:101:in `run_callbacks'
actionpack (7.2.3.1) lib/action_dispatch/middleware/callbacks.rb:30:in `call'
actionpack (7.2.3.1) lib/action_dispatch/middleware/executor.rb:16:in `call'
actionpack (7.2.3.1) lib/action_dispatch/middleware/actionable_exceptions.rb:18:in `call'
actionpack (7.2.3.1) lib/action_dispatch/middleware/debug_exceptions.rb:31:in `call'
actionpack (7.2.3.1) lib/action_dispatch/middleware/show_exceptions.rb:32:in `call'
railties (7.2.3.1) lib/rails/rack/logger.rb:41:in `call_app'
railties (7.2.3.1) lib/rails/rack/logger.rb:29:in `call'
actionpack (7.2.3.1) lib/action_dispatch/middleware/remote_ip.rb:96:in `call'
actionpack (7.2.3.1) lib/action_dispatch/middleware/request_id.rb:33:in `call'
rack (3.2.6) lib/rack/runtime.rb:24:in `call'
activesupport (7.2.3.1) lib/active_support/cache/strategy/local_cache_middleware.rb:29:in `call'
actionpack (7.2.3.1) lib/action_dispatch/middleware/server_timing.rb:61:in `block in call'
actionpack (7.2.3.1) lib/action_dispatch/middleware/server_timing.rb:26:in `collect_events'
actionpack (7.2.3.1) lib/action_dispatch/middleware/server_timing.rb:60:in `call'
actionpack (7.2.3.1) lib/action_dispatch/middleware/executor.rb:16:in `call'
actionpack (7.2.3.1) lib/action_dispatch/middleware/static.rb:27:in `call'
rack (3.2.6) lib/rack/sendfile.rb:131:in `call'
actionpack (7.2.3.1) lib/action_dispatch/middleware/host_authorization.rb:143:in `call'
rack-cors (3.0.0) lib/rack/cors.rb:102:in `call'
railties (7.2.3.1) lib/rails/engine.rb:535:in `call'
puma (8.0.1) lib/puma/configuration.rb:305:in `call'
puma (8.0.1) lib/puma/response.rb:79:in `block in handle_request'
puma (8.0.1) lib/puma/thread_pool.rb:434:in `with_force_shutdown'
puma (8.0.1) lib/puma/response.rb:78:in `handle_request'
puma (8.0.1) lib/puma/server.rb:508:in `process_client'
puma (8.0.1) lib/puma/server.rb:263:in `block in run'
puma (8.0.1) lib/puma/thread_pool.rb:246:in `block in spawn_thread'
Started GET "/api/v1/events" for ::1 at 2026-05-06 12:12:29 +0800
  [1m[36mActiveRecord::SchemaMigration Load (0.6ms)[0m  [1m[34mSELECT "schema_migrations"."version" FROM "schema_migrations" ORDER BY "schema_migrations"."version" ASC[0m
  
ActiveRecord::PendingMigrationError (

Migrations are pending. To resolve this issue, run:

        bin/rails db:migrate

You have 2 pending migrations:

db/migrate/20260506030000_add_gender_to_users.rb
db/migrate/20260506030001_add_host_in_game_to_events.rb


):
  
activerecord (7.2.3.1) lib/active_record/migration.rb:756:in `check_pending_migrations'
activerecord (7.2.3.1) lib/active_record/migration.rb:663:in `block (2 levels) in call'
activesupport (7.2.3.1) lib/active_support/file_update_checker.rb:85:in `execute'
activerecord (7.2.3.1) lib/active_record/migration.rb:668:in `block in call'
activerecord (7.2.3.1) lib/active_record/migration.rb:660:in `synchronize'
activerecord (7.2.3.1) lib/active_record/migration.rb:660:in `call'
actionpack (7.2.3.1) lib/action_dispatch/middleware/callbacks.rb:31:in `block in call'
activesupport (7.2.3.1) lib/active_support/callbacks.rb:101:in `run_callbacks'
actionpack (7.2.3.1) lib/action_dispatch/middleware/callbacks.rb:30:in `call'
actionpack (7.2.3.1) lib/action_dispatch/middleware/executor.rb:16:in `call'
actionpack (7.2.3.1) lib/action_dispatch/middleware/actionable_exceptions.rb:18:in `call'
actionpack (7.2.3.1) lib/action_dispatch/middleware/debug_exceptions.rb:31:in `call'
actionpack (7.2.3.1) lib/action_dispatch/middleware/show_exceptions.rb:32:in `call'
railties (7.2.3.1) lib/rails/rack/logger.rb:41:in `call_app'
railties (7.2.3.1) lib/rails/rack/logger.rb:29:in `call'
actionpack (7.2.3.1) lib/action_dispatch/middleware/remote_ip.rb:96:in `call'
actionpack (7.2.3.1) lib/action_dispatch/middleware/request_id.rb:33:in `call'
rack (3.2.6) lib/rack/runtime.rb:24:in `call'
activesupport (7.2.3.1) lib/active_support/cache/strategy/local_cache_middleware.rb:29:in `call'
actionpack (7.2.3.1) lib/action_dispatch/middleware/server_timing.rb:61:in `block in call'
actionpack (7.2.3.1) lib/action_dispatch/middleware/server_timing.rb:26:in `collect_events'
actionpack (7.2.3.1) lib/action_dispatch/middleware/server_timing.rb:60:in `call'
actionpack (7.2.3.1) lib/action_dispatch/middleware/executor.rb:16:in `call'
actionpack (7.2.3.1) lib/action_dispatch/middleware/static.rb:27:in `call'
rack (3.2.6) lib/rack/sendfile.rb:131:in `call'
actionpack (7.2.3.1) lib/action_dispatch/middleware/host_authorization.rb:143:in `call'
rack-cors (3.0.0) lib/rack/cors.rb:102:in `call'
railties (7.2.3.1) lib/rails/engine.rb:535:in `call'
puma (8.0.1) lib/puma/configuration.rb:305:in `call'
puma (8.0.1) lib/puma/response.rb:79:in `block in handle_request'
puma (8.0.1) lib/puma/thread_pool.rb:434:in `with_force_shutdown'
puma (8.0.1) lib/puma/response.rb:78:in `handle_request'
puma (8.0.1) lib/puma/server.rb:508:in `process_client'
puma (8.0.1) lib/puma/server.rb:263:in `block in run'
puma (8.0.1) lib/puma/thread_pool.rb:246:in `block in spawn_thread'
Started GET "/api/v1/scripts" for ::1 at 2026-05-06 12:12:30 +0800
  [1m[36mActiveRecord::SchemaMigration Load (0.7ms)[0m  [1m[34mSELECT "schema_migrations"."version" FROM "schema_migrations" ORDER BY "schema_migrations"."version" ASC[0m
  
ActiveRecord::PendingMigrationError (

Migrations are pending. To resolve this issue, run:

        bin/rails db:migrate

You have 2 pending migrations:

db/migrate/20260506030000_add_gender_to_users.rb
db/migrate/20260506030001_add_host_in_game_to_events.rb


):
  
activerecord (7.2.3.1) lib/active_record/migration.rb:756:in `check_pending_migrations'
activerecord (7.2.3.1) lib/active_record/migration.rb:663:in `block (2 levels) in call'
activesupport (7.2.3.1) lib/active_support/file_update_checker.rb:85:in `execute'
activerecord (7.2.3.1) lib/active_record/migration.rb:668:in `block in call'
activerecord (7.2.3.1) lib/active_record/migration.rb:660:in `synchronize'
activerecord (7.2.3.1) lib/active_record/migration.rb:660:in `call'
actionpack (7.2.3.1) lib/action_dispatch/middleware/callbacks.rb:31:in `block in call'
activesupport (7.2.3.1) lib/active_support/callbacks.rb:101:in `run_callbacks'
actionpack (7.2.3.1) lib/action_dispatch/middleware/callbacks.rb:30:in `call'
actionpack (7.2.3.1) lib/action_dispatch/middleware/executor.rb:16:in `call'
actionpack (7.2.3.1) lib/action_dispatch/middleware/actionable_exceptions.rb:18:in `call'
actionpack (7.2.3.1) lib/action_dispatch/middleware/debug_exceptions.rb:31:in `call'
actionpack (7.2.3.1) lib/action_dispatch/middleware/show_exceptions.rb:32:in `call'
railties (7.2.3.1) lib/rails/rack/logger.rb:41:in `call_app'
railties (7.2.3.1) lib/rails/rack/logger.rb:29:in `call'
actionpack (7.2.3.1) lib/action_dispatch/middleware/remote_ip.rb:96:in `call'
actionpack (7.2.3.1) lib/action_dispatch/middleware/request_id.rb:33:in `call'
rack (3.2.6) lib/rack/runtime.rb:24:in `call'
activesupport (7.2.3.1) lib/active_support/cache/strategy/local_cache_middleware.rb:29:in `call'
actionpack (7.2.3.1) lib/action_dispatch/middleware/server_timing.rb:61:in `block in call'
actionpack (7.2.3.1) lib/action_dispatch/middleware/server_timing.rb:26:in `collect_events'
actionpack (7.2.3.1) lib/action_dispatch/middleware/server_timing.rb:60:in `call'
actionpack (7.2.3.1) lib/action_dispatch/middleware/executor.rb:16:in `call'
actionpack (7.2.3.1) lib/action_dispatch/middleware/static.rb:27:in `call'
rack (3.2.6) lib/rack/sendfile.rb:131:in `call'
actionpack (7.2.3.1) lib/action_dispatch/middleware/host_authorization.rb:143:in `call'
rack-cors (3.0.0) lib/rack/cors.rb:102:in `call'
railties (7.2.3.1) lib/rails/engine.rb:535:in `call'
puma (8.0.1) lib/puma/configuration.rb:305:in `call'
puma (8.0.1) lib/puma/response.rb:79:in `block in handle_request'
puma (8.0.1) lib/puma/thread_pool.rb:434:in `with_force_shutdown'
puma (8.0.1) lib/puma/response.rb:78:in `handle_request'
puma (8.0.1) lib/puma/server.rb:508:in `process_client'
puma (8.0.1) lib/puma/server.rb:263:in `block in run'
puma (8.0.1) lib/puma/thread_pool.rb:246:in `block in spawn_thread'
Started GET "/api/v1/scripts" for ::1 at 2026-05-06 12:12:30 +0800
  [1m[36mActiveRecord::SchemaMigration Load (0.5ms)[0m  [1m[34mSELECT "schema_migrations"."version" FROM "schema_migrations" ORDER BY "schema_migrations"."version" ASC[0m
  
ActiveRecord::PendingMigrationError (

Migrations are pending. To resolve this issue, run:

        bin/rails db:migrate

You have 2 pending migrations:

db/migrate/20260506030000_add_gender_to_users.rb
db/migrate/20260506030001_add_host_in_game_to_events.rb


):
  
activerecord (7.2.3.1) lib/active_record/migration.rb:756:in `check_pending_migrations'
activerecord (7.2.3.1) lib/active_record/migration.rb:663:in `block (2 levels) in call'
activesupport (7.2.3.1) lib/active_support/file_update_checker.rb:85:in `execute'
activerecord (7.2.3.1) lib/active_record/migration.rb:668:in `block in call'
activerecord (7.2.3.1) lib/active_record/migration.rb:660:in `synchronize'
activerecord (7.2.3.1) lib/active_record/migration.rb:660:in `call'
actionpack (7.2.3.1) lib/action_dispatch/middleware/callbacks.rb:31:in `block in call'
activesupport (7.2.3.1) lib/active_support/callbacks.rb:101:in `run_callbacks'
actionpack (7.2.3.1) lib/action_dispatch/middleware/callbacks.rb:30:in `call'
actionpack (7.2.3.1) lib/action_dispatch/middleware/executor.rb:16:in `call'
actionpack (7.2.3.1) lib/action_dispatch/middleware/actionable_exceptions.rb:18:in `call'
actionpack (7.2.3.1) lib/action_dispatch/middleware/debug_exceptions.rb:31:in `call'
actionpack (7.2.3.1) lib/action_dispatch/middleware/show_exceptions.rb:32:in `call'
railties (7.2.3.1) lib/rails/rack/logger.rb:41:in `call_app'
railties (7.2.3.1) lib/rails/rack/logger.rb:29:in `call'
actionpack (7.2.3.1) lib/action_dispatch/middleware/remote_ip.rb:96:in `call'
actionpack (7.2.3.1) lib/action_dispatch/middleware/request_id.rb:33:in `call'
rack (3.2.6) lib/rack/runtime.rb:24:in `call'
activesupport (7.2.3.1) lib/active_support/cache/strategy/local_cache_middleware.rb:29:in `call'
actionpack (7.2.3.1) lib/action_dispatch/middleware/server_timing.rb:61:in `block in call'
actionpack (7.2.3.1) lib/action_dispatch/middleware/server_timing.rb:26:in `collect_events'
actionpack (7.2.3.1) lib/action_dispatch/middleware/server_timing.rb:60:in `call'
actionpack (7.2.3.1) lib/action_dispatch/middleware/executor.rb:16:in `call'
actionpack (7.2.3.1) lib/action_dispatch/middleware/static.rb:27:in `call'
rack (3.2.6) lib/rack/sendfile.rb:131:in `call'
actionpack (7.2.3.1) lib/action_dispatch/middleware/host_authorization.rb:143:in `call'
rack-cors (3.0.0) lib/rack/cors.rb:102:in `call'
railties (7.2.3.1) lib/rails/engine.rb:535:in `call'
puma (8.0.1) lib/puma/configuration.rb:305:in `call'
puma (8.0.1) lib/puma/response.rb:79:in `block in handle_request'
puma (8.0.1) lib/puma/thread_pool.rb:434:in `with_force_shutdown'
puma (8.0.1) lib/puma/response.rb:78:in `handle_request'
puma (8.0.1) lib/puma/server.rb:508:in `process_client'
puma (8.0.1) lib/puma/server.rb:263:in `block in run'
puma (8.0.1) lib/puma/thread_pool.rb:246:in `block in spawn_thread'
  [1m[36mCACHE ActiveRecord::SchemaMigration Load (0.0ms)[0m  [1m[34mSELECT "schema_migrations"."version" FROM "schema_migrations" ORDER BY "schema_migrations"."version" ASC[0m
  [1m[35m (0.5ms)[0m  [1m[34mSELECT pg_try_advisory_lock(8709328801437608400)[0m
  [1m[36mActiveRecord::SchemaMigration Load (1.0ms)[0m  [1m[34mSELECT "schema_migrations"."version" FROM "schema_migrations" ORDER BY "schema_migrations"."version" ASC[0m
  [1m[36mActiveRecord::InternalMetadata Load (1.7ms)[0m  [1m[34mSELECT * FROM "ar_internal_metadata" WHERE "ar_internal_metadata"."key" = $1 ORDER BY "ar_internal_metadata"."key" ASC LIMIT 1[0m  [[nil, "environment"]]
Migrating to AddGenderToUsers (20260506030000)
  [1m[36mTRANSACTION (0.1ms)[0m  [1m[35mBEGIN[0m
  [1m[35m (3.7ms)[0m  [1m[35mALTER TABLE "users" ADD "gender" character varying DEFAULT 'other' NOT NULL[0m
  [1m[36mActiveRecord::SchemaMigration Create (1.1ms)[0m  [1m[32mINSERT INTO "schema_migrations" ("version") VALUES ('20260506030000') RETURNING "version"[0m
  [1m[36mTRANSACTION (1.0ms)[0m  [1m[35mCOMMIT[0m
Migrating to AddHostInGameToEvents (20260506030001)
  [1m[36mTRANSACTION (0.1ms)[0m  [1m[35mBEGIN[0m
  [1m[35m (0.4ms)[0m  [1m[35mALTER TABLE "events" ADD "host_in_game" boolean DEFAULT FALSE NOT NULL[0m
  [1m[36mActiveRecord::SchemaMigration Create (0.2ms)[0m  [1m[32mINSERT INTO "schema_migrations" ("version") VALUES ('20260506030001') RETURNING "version"[0m
  [1m[36mTRANSACTION (0.3ms)[0m  [1m[35mCOMMIT[0m
Migrating to AddCrossGenderFields (20260506031000)
  [1m[36mTRANSACTION (0.1ms)[0m  [1m[35mBEGIN[0m
  [1m[35m (0.4ms)[0m  [1m[35mALTER TABLE "events" ADD "allow_cross_gender" boolean DEFAULT FALSE NOT NULL[0m
  [1m[35m (0.6ms)[0m  [1m[35mALTER TABLE "event_members" ADD "cross_gender" boolean DEFAULT FALSE NOT NULL[0m
  [1m[36mActiveRecord::SchemaMigration Create (0.1ms)[0m  [1m[32mINSERT INTO "schema_migrations" ("version") VALUES ('20260506031000') RETURNING "version"[0m
  [1m[36mTRANSACTION (0.1ms)[0m  [1m[35mCOMMIT[0m
  [1m[35m (0.1ms)[0m  [1m[34mSELECT pg_advisory_unlock(8709328801437608400)[0m
  [1m[36mActiveRecord::SchemaMigration Load (0.1ms)[0m  [1m[34mSELECT "schema_migrations"."version" FROM "schema_migrations" ORDER BY "schema_migrations"."version" ASC[0m
Started GET "/api/v1/scripts" for ::1 at 2026-05-06 12:12:49 +0800
  [1m[36mActiveRecord::SchemaMigration Load (0.7ms)[0m  [1m[34mSELECT "schema_migrations"."version" FROM "schema_migrations" ORDER BY "schema_migrations"."version" ASC[0m
Processing by Api::V1::ScriptsController#index as */*
  Parameters: {"script"=>{}}
  [1m[36mScript Load (0.3ms)[0m  [1m[34mSELECT "scripts".* FROM "scripts"[0m
  ↳ app/controllers/api/v1/scripts_controller.rb:11:in `map'
  [1m[36mActiveStorage::Attachment Load (0.1ms)[0m  [1m[34mSELECT "active_storage_attachments".* FROM "active_storage_attachments" WHERE "active_storage_attachments"."record_id" = $1 AND "active_storage_attachments"."record_type" = $2 AND "active_storage_attachments"."name" = $3 LIMIT $4[0m  [["record_id", 1], ["record_type", "Script"], ["name", "cover_image"], ["LIMIT", 1]]
  ↳ app/controllers/api/v1/scripts_controller.rb:58:in `script_json'
  [1m[36mActiveStorage::Blob Load (0.1ms)[0m  [1m[34mSELECT "active_storage_blobs".* FROM "active_storage_blobs" WHERE "active_storage_blobs"."id" = $1 LIMIT $2[0m  [["id", 1], ["LIMIT", 1]]
  ↳ app/controllers/api/v1/scripts_controller.rb:58:in `script_json'
Completed 200 OK in 15ms (Views: 0.1ms | ActiveRecord: 14.8ms (3 queries, 0 cached) | GC: 0.3ms)


Started GET "/api/v1/scripts" for ::1 at 2026-05-06 12:12:49 +0800
Started GET "/rails/active_storage/blobs/redirect/eyJfcmFpbHMiOnsiZGF0YSI6MSwicHVyIjoiYmxvYl9pZCJ9fQ==--ca7bbc074faee3dadbeb3d1539ca4b587c839f66/Screenshot%202026-05-06%20at%2012.01.31%E2%80%AFPM.png" for ::1 at 2026-05-06 12:12:49 +0800
Processing by Api::V1::ScriptsController#index as */*
  Parameters: {"script"=>{}}
  [1m[36mScript Load (0.3ms)[0m  [1m[34mSELECT "scripts".* FROM "scripts"[0m
  ↳ app/controllers/api/v1/scripts_controller.rb:11:in `map'
Processing by ActiveStorage::Blobs::RedirectController#show as PNG
  Parameters: {"signed_id"=>"eyJfcmFpbHMiOnsiZGF0YSI6MSwicHVyIjoiYmxvYl9pZCJ9fQ==--ca7bbc074faee3dadbeb3d1539ca4b587c839f66", "filename"=>"Screenshot 2026-05-06 at 12.01.31 PM"}
  [1m[36mActiveStorage::Attachment Load (1.5ms)[0m  [1m[34mSELECT "active_storage_attachments".* FROM "active_storage_attachments" WHERE "active_storage_attachments"."record_id" = $1 AND "active_storage_attachments"."record_type" = $2 AND "active_storage_attachments"."name" = $3 LIMIT $4[0m  [["record_id", 1], ["record_type", "Script"], ["name", "cover_image"], ["LIMIT", 1]]
  ↳ app/controllers/api/v1/scripts_controller.rb:58:in `script_json'
  [1m[36mActiveStorage::Blob Load (0.1ms)[0m  [1m[34mSELECT "active_storage_blobs".* FROM "active_storage_blobs" WHERE "active_storage_blobs"."id" = $1 LIMIT $2[0m  [["id", 1], ["LIMIT", 1]]
  ↳ app/controllers/api/v1/scripts_controller.rb:58:in `script_json'
Completed 200 OK in 6ms (Views: 0.1ms | ActiveRecord: 2.0ms (3 queries, 0 cached) | GC: 0.0ms)


  [1m[36mActiveStorage::Blob Load (1.0ms)[0m  [1m[34mSELECT "active_storage_blobs".* FROM "active_storage_blobs" WHERE "active_storage_blobs"."id" = $1 LIMIT $2[0m  [["id", 1], ["LIMIT", 1]]
[36m  Disk Storage (0.3ms) [0m[34mGenerated URL for file at key: lq1xxoy73u0mkj4qu9lepn1pnp18 (http://localhost:3000/rails/active_storage/disk/eyJfcmFpbHMiOnsiZGF0YSI6eyJrZXkiOiJscTF4eG95NzN1MG1rajRxdTlsZXBuMXBucDE4IiwiZGlzcG9zaXRpb24iOiJpbmxpbmU7IGZpbGVuYW1lPVwiU2NyZWVuc2hvdCAyMDI2LTA1LTA2IGF0IDEyLjAxLjMxJTNGUE0ucG5nXCI7IGZpbGVuYW1lKj1VVEYtOCcnU2NyZWVuc2hvdCUyMDIwMjYtMDUtMDYlMjBhdCUyMDEyLjAxLjMxJUUyJTgwJUFGUE0ucG5nIiwiY29udGVudF90eXBlIjoiaW1hZ2UvcG5nIiwic2VydmljZV9uYW1lIjoibG9jYWwifSwiZXhwIjoiMjAyNi0wNS0wNlQwNDoxNzo0OS41NDhaIiwicHVyIjoiYmxvYl9rZXkifX0=--6b482700dc79c7b653abdf69a1358bd8cedcb367/Screenshot%202026-05-06%20at%2012.01.31%E2%80%AFPM.png)[0m
Redirected to http://localhost:3000/rails/active_storage/disk/eyJfcmFpbHMiOnsiZGF0YSI6eyJrZXkiOiJscTF4eG95NzN1MG1rajRxdTlsZXBuMXBucDE4IiwiZGlzcG9zaXRpb24iOiJpbmxpbmU7IGZpbGVuYW1lPVwiU2NyZWVuc2hvdCAyMDI2LTA1LTA2IGF0IDEyLjAxLjMxJTNGUE0ucG5nXCI7IGZpbGVuYW1lKj1VVEYtOCcnU2NyZWVuc2hvdCUyMDIwMjYtMDUtMDYlMjBhdCUyMDEyLjAxLjMxJUUyJTgwJUFGUE0ucG5nIiwiY29udGVudF90eXBlIjoiaW1hZ2UvcG5nIiwic2VydmljZV9uYW1lIjoibG9jYWwifSwiZXhwIjoiMjAyNi0wNS0wNlQwNDoxNzo0OS41NDhaIiwicHVyIjoiYmxvYl9rZXkifX0=--6b482700dc79c7b653abdf69a1358bd8cedcb367/Screenshot%202026-05-06%20at%2012.01.31%E2%80%AFPM.png
Completed 302 Found in 15ms (ActiveRecord: 7.6ms (1 query, 0 cached) | GC: 0.0ms)


Started GET "/rails/active_storage/disk/eyJfcmFpbHMiOnsiZGF0YSI6eyJrZXkiOiJscTF4eG95NzN1MG1rajRxdTlsZXBuMXBucDE4IiwiZGlzcG9zaXRpb24iOiJpbmxpbmU7IGZpbGVuYW1lPVwiU2NyZWVuc2hvdCAyMDI2LTA1LTA2IGF0IDEyLjAxLjMxJTNGUE0ucG5nXCI7IGZpbGVuYW1lKj1VVEYtOCcnU2NyZWVuc2hvdCUyMDIwMjYtMDUtMDYlMjBhdCUyMDEyLjAxLjMxJUUyJTgwJUFGUE0ucG5nIiwiY29udGVudF90eXBlIjoiaW1hZ2UvcG5nIiwic2VydmljZV9uYW1lIjoibG9jYWwifSwiZXhwIjoiMjAyNi0wNS0wNlQwNDoxNzo0OS41NDhaIiwicHVyIjoiYmxvYl9rZXkifX0=--6b482700dc79c7b653abdf69a1358bd8cedcb367/Screenshot%202026-05-06%20at%2012.01.31%E2%80%AFPM.png" for ::1 at 2026-05-06 12:12:49 +0800
Processing by ActiveStorage::DiskController#show as PNG
  Parameters: {"encoded_key"=>"[FILTERED]", "filename"=>"Screenshot 2026-05-06 at 12.01.31 PM"}
Completed 200 OK in 0ms (ActiveRecord: 0.0ms (0 queries, 0 cached) | GC: 0.0ms)


Started GET "/api/v1/scripts/1" for ::1 at 2026-05-06 12:12:50 +0800
Processing by Api::V1::ScriptsController#show as */*
  Parameters: {"id"=>"1", "script"=>{}}
  [1m[36mScript Load (0.9ms)[0m  [1m[34mSELECT "scripts".* FROM "scripts" WHERE "scripts"."id" = $1 LIMIT $2[0m  [["id", 1], ["LIMIT", 1]]
  ↳ app/controllers/api/v1/scripts_controller.rb:15:in `show'
  [1m[36mActiveStorage::Attachment Load (1.0ms)[0m  [1m[34mSELECT "active_storage_attachments".* FROM "active_storage_attachments" WHERE "active_storage_attachments"."record_id" = $1 AND "active_storage_attachments"."record_type" = $2 AND "active_storage_attachments"."name" = $3 LIMIT $4[0m  [["record_id", 1], ["record_type", "Script"], ["name", "cover_image"], ["LIMIT", 1]]
  ↳ app/controllers/api/v1/scripts_controller.rb:58:in `script_json'
  [1m[36mActiveStorage::Blob Load (0.2ms)[0m  [1m[34mSELECT "active_storage_blobs".* FROM "active_storage_blobs" WHERE "active_storage_blobs"."id" = $1 LIMIT $2[0m  [["id", 1], ["LIMIT", 1]]
  ↳ app/controllers/api/v1/scripts_controller.rb:58:in `script_json'
Completed 200 OK in 5ms (Views: 0.1ms | ActiveRecord: 2.1ms (3 queries, 0 cached) | GC: 0.0ms)


Started GET "/api/v1/scripts/1" for ::1 at 2026-05-06 12:12:50 +0800
Processing by Api::V1::ScriptsController#show as */*
  Parameters: {"id"=>"1", "script"=>{}}
  [1m[36mScript Load (0.2ms)[0m  [1m[34mSELECT "scripts".* FROM "scripts" WHERE "scripts"."id" = $1 LIMIT $2[0m  [["id", 1], ["LIMIT", 1]]
  ↳ app/controllers/api/v1/scripts_controller.rb:15:in `show'
  [1m[36mActiveStorage::Attachment Load (0.2ms)[0m  [1m[34mSELECT "active_storage_attachments".* FROM "active_storage_attachments" WHERE "active_storage_attachments"."record_id" = $1 AND "active_storage_attachments"."record_type" = $2 AND "active_storage_attachments"."name" = $3 LIMIT $4[0m  [["record_id", 1], ["record_type", "Script"], ["name", "cover_image"], ["LIMIT", 1]]
  ↳ app/controllers/api/v1/scripts_controller.rb:58:in `script_json'
  [1m[36mActiveStorage::Blob Load (0.2ms)[0m  [1m[34mSELECT "active_storage_blobs".* FROM "active_storage_blobs" WHERE "active_storage_blobs"."id" = $1 LIMIT $2[0m  [["id", 1], ["LIMIT", 1]]
  ↳ app/controllers/api/v1/scripts_controller.rb:58:in `script_json'
Completed 200 OK in 3ms (Views: 0.1ms | ActiveRecord: 0.6ms (3 queries, 0 cached) | GC: 0.0ms)


Started GET "/api/v1/scripts" for ::1 at 2026-05-06 12:13:01 +0800
Processing by Api::V1::ScriptsController#index as */*
  Parameters: {"script"=>{}}
  [1m[36mScript Load (0.4ms)[0m  [1m[34mSELECT "scripts".* FROM "scripts"[0m
  ↳ app/controllers/api/v1/scripts_controller.rb:11:in `map'
  [1m[36mActiveStorage::Attachment Load (0.1ms)[0m  [1m[34mSELECT "active_storage_attachments".* FROM "active_storage_attachments" WHERE "active_storage_attachments"."record_id" = $1 AND "active_storage_attachments"."record_type" = $2 AND "active_storage_attachments"."name" = $3 LIMIT $4[0m  [["record_id", 1], ["record_type", "Script"], ["name", "cover_image"], ["LIMIT", 1]]
  ↳ app/controllers/api/v1/scripts_controller.rb:58:in `script_json'
  [1m[36mActiveStorage::Blob Load (0.1ms)[0m  [1m[34mSELECT "active_storage_blobs".* FROM "active_storage_blobs" WHERE "active_storage_blobs"."id" = $1 LIMIT $2[0m  [["id", 1], ["LIMIT", 1]]
  ↳ app/controllers/api/v1/scripts_controller.rb:58:in `script_json'
Completed 200 OK in 12ms (Views: 0.1ms | ActiveRecord: 10.0ms (3 queries, 0 cached) | GC: 0.4ms)


Started GET "/api/v1/scripts" for ::1 at 2026-05-06 12:13:01 +0800
Processing by Api::V1::ScriptsController#index as */*
  Parameters: {"script"=>{}}
  [1m[36mScript Load (0.4ms)[0m  [1m[34mSELECT "scripts".* FROM "scripts"[0m
  ↳ app/controllers/api/v1/scripts_controller.rb:11:in `map'
  [1m[36mActiveStorage::Attachment Load (0.3ms)[0m  [1m[34mSELECT "active_storage_attachments".* FROM "active_storage_attachments" WHERE "active_storage_attachments"."record_id" = $1 AND "active_storage_attachments"."record_type" = $2 AND "active_storage_attachments"."name" = $3 LIMIT $4[0m  [["record_id", 1], ["record_type", "Script"], ["name", "cover_image"], ["LIMIT", 1]]
  ↳ app/controllers/api/v1/scripts_controller.rb:58:in `script_json'
  [1m[36mActiveStorage::Blob Load (0.2ms)[0m  [1m[34mSELECT "active_storage_blobs".* FROM "active_storage_blobs" WHERE "active_storage_blobs"."id" = $1 LIMIT $2[0m  [["id", 1], ["LIMIT", 1]]
  ↳ app/controllers/api/v1/scripts_controller.rb:58:in `script_json'
Completed 200 OK in 6ms (Views: 0.1ms | ActiveRecord: 0.8ms (3 queries, 0 cached) | GC: 0.2ms)


Started GET "/api/v1/scripts" for ::1 at 2026-05-06 12:13:16 +0800
Processing by Api::V1::ScriptsController#index as */*
  Parameters: {"script"=>{}}
  [1m[36mScript Load (0.5ms)[0m  [1m[34mSELECT "scripts".* FROM "scripts"[0m
  ↳ app/controllers/api/v1/scripts_controller.rb:11:in `map'
  [1m[36mActiveStorage::Attachment Load (0.3ms)[0m  [1m[34mSELECT "active_storage_attachments".* FROM "active_storage_attachments" WHERE "active_storage_attachments"."record_id" = $1 AND "active_storage_attachments"."record_type" = $2 AND "active_storage_attachments"."name" = $3 LIMIT $4[0m  [["record_id", 1], ["record_type", "Script"], ["name", "cover_image"], ["LIMIT", 1]]
  ↳ app/controllers/api/v1/scripts_controller.rb:58:in `script_json'
  [1m[36mActiveStorage::Blob Load (0.2ms)[0m  [1m[34mSELECT "active_storage_blobs".* FROM "active_storage_blobs" WHERE "active_storage_blobs"."id" = $1 LIMIT $2[0m  [["id", 1], ["LIMIT", 1]]
  ↳ app/controllers/api/v1/scripts_controller.rb:58:in `script_json'
Completed 200 OK in 31ms (Views: 0.2ms | ActiveRecord: 17.6ms (3 queries, 0 cached) | GC: 0.0ms)


Started GET "/api/v1/scripts" for ::1 at 2026-05-06 12:13:16 +0800
Processing by Api::V1::ScriptsController#index as */*
  Parameters: {"script"=>{}}
  [1m[36mScript Load (0.3ms)[0m  [1m[34mSELECT "scripts".* FROM "scripts"[0m
  ↳ app/controllers/api/v1/scripts_controller.rb:11:in `map'
  [1m[36mActiveStorage::Attachment Load (0.3ms)[0m  [1m[34mSELECT "active_storage_attachments".* FROM "active_storage_attachments" WHERE "active_storage_attachments"."record_id" = $1 AND "active_storage_attachments"."record_type" = $2 AND "active_storage_attachments"."name" = $3 LIMIT $4[0m  [["record_id", 1], ["record_type", "Script"], ["name", "cover_image"], ["LIMIT", 1]]
  ↳ app/controllers/api/v1/scripts_controller.rb:58:in `script_json'
  [1m[36mActiveStorage::Blob Load (0.1ms)[0m  [1m[34mSELECT "active_storage_blobs".* FROM "active_storage_blobs" WHERE "active_storage_blobs"."id" = $1 LIMIT $2[0m  [["id", 1], ["LIMIT", 1]]
  ↳ app/controllers/api/v1/scripts_controller.rb:58:in `script_json'
Completed 200 OK in 9ms (Views: 0.1ms | ActiveRecord: 0.6ms (3 queries, 0 cached) | GC: 5.2ms)


Started GET "/api/v1/scripts" for ::1 at 2026-05-06 12:13:21 +0800
Processing by Api::V1::ScriptsController#index as */*
  Parameters: {"script"=>{}}
  [1m[36mScript Load (0.3ms)[0m  [1m[34mSELECT "scripts".* FROM "scripts"[0m
  ↳ app/controllers/api/v1/scripts_controller.rb:11:in `map'
  [1m[36mActiveStorage::Attachment Load (0.2ms)[0m  [1m[34mSELECT "active_storage_attachments".* FROM "active_storage_attachments" WHERE "active_storage_attachments"."record_id" = $1 AND "active_storage_attachments"."record_type" = $2 AND "active_storage_attachments"."name" = $3 LIMIT $4[0m  [["record_id", 1], ["record_type", "Script"], ["name", "cover_image"], ["LIMIT", 1]]
  ↳ app/controllers/api/v1/scripts_controller.rb:58:in `script_json'
  [1m[36mActiveStorage::Blob Load (3.1ms)[0m  [1m[34mSELECT "active_storage_blobs".* FROM "active_storage_blobs" WHERE "active_storage_blobs"."id" = $1 LIMIT $2[0m  [["id", 1], ["LIMIT", 1]]
  ↳ app/controllers/api/v1/scripts_controller.rb:58:in `script_json'
Completed 200 OK in 7ms (Views: 0.1ms | ActiveRecord: 3.5ms (3 queries, 0 cached) | GC: 0.5ms)


Started GET "/api/v1/scripts" for ::1 at 2026-05-06 12:13:21 +0800
Processing by Api::V1::ScriptsController#index as */*
  Parameters: {"script"=>{}}
  [1m[36mScript Load (0.2ms)[0m  [1m[34mSELECT "scripts".* FROM "scripts"[0m
  ↳ app/controllers/api/v1/scripts_controller.rb:11:in `map'
  [1m[36mActiveStorage::Attachment Load (0.1ms)[0m  [1m[34mSELECT "active_storage_attachments".* FROM "active_storage_attachments" WHERE "active_storage_attachments"."record_id" = $1 AND "active_storage_attachments"."record_type" = $2 AND "active_storage_attachments"."name" = $3 LIMIT $4[0m  [["record_id", 1], ["record_type", "Script"], ["name", "cover_image"], ["LIMIT", 1]]
  ↳ app/controllers/api/v1/scripts_controller.rb:58:in `script_json'
  [1m[36mActiveStorage::Blob Load (0.1ms)[0m  [1m[34mSELECT "active_storage_blobs".* FROM "active_storage_blobs" WHERE "active_storage_blobs"."id" = $1 LIMIT $2[0m  [["id", 1], ["LIMIT", 1]]
  ↳ app/controllers/api/v1/scripts_controller.rb:58:in `script_json'
Completed 200 OK in 3ms (Views: 0.1ms | ActiveRecord: 0.5ms (3 queries, 0 cached) | GC: 0.0ms)


Started GET "/api/v1/scripts" for ::1 at 2026-05-06 12:13:26 +0800
Processing by Api::V1::ScriptsController#index as */*
  Parameters: {"script"=>{}}
  [1m[36mScript Load (0.3ms)[0m  [1m[34mSELECT "scripts".* FROM "scripts"[0m
  ↳ app/controllers/api/v1/scripts_controller.rb:11:in `map'
  [1m[36mActiveStorage::Attachment Load (0.1ms)[0m  [1m[34mSELECT "active_storage_attachments".* FROM "active_storage_attachments" WHERE "active_storage_attachments"."record_id" = $1 AND "active_storage_attachments"."record_type" = $2 AND "active_storage_attachments"."name" = $3 LIMIT $4[0m  [["record_id", 1], ["record_type", "Script"], ["name", "cover_image"], ["LIMIT", 1]]
  ↳ app/controllers/api/v1/scripts_controller.rb:58:in `script_json'
  [1m[36mActiveStorage::Blob Load (0.1ms)[0m  [1m[34mSELECT "active_storage_blobs".* FROM "active_storage_blobs" WHERE "active_storage_blobs"."id" = $1 LIMIT $2[0m  [["id", 1], ["LIMIT", 1]]
  ↳ app/controllers/api/v1/scripts_controller.rb:58:in `script_json'
Completed 200 OK in 3ms (Views: 0.1ms | ActiveRecord: 0.5ms (3 queries, 0 cached) | GC: 0.0ms)


  [1m[36mCACHE ActiveRecord::SchemaMigration Load (0.0ms)[0m  [1m[34mSELECT "schema_migrations"."version" FROM "schema_migrations" ORDER BY "schema_migrations"."version" ASC[0m
Started GET "/api/v1/scripts" for ::1 at 2026-05-06 12:16:21 +0800
  [1m[36mActiveRecord::SchemaMigration Load (1.2ms)[0m  [1m[34mSELECT "schema_migrations"."version" FROM "schema_migrations" ORDER BY "schema_migrations"."version" ASC[0m
  
ActiveRecord::PendingMigrationError (

Migrations are pending. To resolve this issue, run:

        bin/rails db:migrate

You have 1 pending migration:

db/migrate/20260506032000_add_host_cross_gender_to_events.rb


):
  
activerecord (7.2.3.1) lib/active_record/migration.rb:756:in `check_pending_migrations'
activerecord (7.2.3.1) lib/active_record/migration.rb:663:in `block (2 levels) in call'
activesupport (7.2.3.1) lib/active_support/file_update_checker.rb:85:in `execute'
activesupport (7.2.3.1) lib/active_support/file_update_checker.rb:95:in `execute_if_updated'
activerecord (7.2.3.1) lib/active_record/migration.rb:670:in `block in call'
activerecord (7.2.3.1) lib/active_record/migration.rb:660:in `synchronize'
activerecord (7.2.3.1) lib/active_record/migration.rb:660:in `call'
actionpack (7.2.3.1) lib/action_dispatch/middleware/callbacks.rb:31:in `block in call'
activesupport (7.2.3.1) lib/active_support/callbacks.rb:101:in `run_callbacks'
actionpack (7.2.3.1) lib/action_dispatch/middleware/callbacks.rb:30:in `call'
actionpack (7.2.3.1) lib/action_dispatch/middleware/executor.rb:16:in `call'
actionpack (7.2.3.1) lib/action_dispatch/middleware/actionable_exceptions.rb:18:in `call'
actionpack (7.2.3.1) lib/action_dispatch/middleware/debug_exceptions.rb:31:in `call'
actionpack (7.2.3.1) lib/action_dispatch/middleware/show_exceptions.rb:32:in `call'
railties (7.2.3.1) lib/rails/rack/logger.rb:41:in `call_app'
railties (7.2.3.1) lib/rails/rack/logger.rb:29:in `call'
actionpack (7.2.3.1) lib/action_dispatch/middleware/remote_ip.rb:96:in `call'
actionpack (7.2.3.1) lib/action_dispatch/middleware/request_id.rb:33:in `call'
rack (3.2.6) lib/rack/runtime.rb:24:in `call'
activesupport (7.2.3.1) lib/active_support/cache/strategy/local_cache_middleware.rb:29:in `call'
actionpack (7.2.3.1) lib/action_dispatch/middleware/server_timing.rb:61:in `block in call'
actionpack (7.2.3.1) lib/action_dispatch/middleware/server_timing.rb:26:in `collect_events'
actionpack (7.2.3.1) lib/action_dispatch/middleware/server_timing.rb:60:in `call'
actionpack (7.2.3.1) lib/action_dispatch/middleware/executor.rb:16:in `call'
actionpack (7.2.3.1) lib/action_dispatch/middleware/static.rb:27:in `call'
rack (3.2.6) lib/rack/sendfile.rb:131:in `call'
actionpack (7.2.3.1) lib/action_dispatch/middleware/host_authorization.rb:143:in `call'
rack-cors (3.0.0) lib/rack/cors.rb:102:in `call'
railties (7.2.3.1) lib/rails/engine.rb:535:in `call'
puma (8.0.1) lib/puma/configuration.rb:305:in `call'
puma (8.0.1) lib/puma/response.rb:79:in `block in handle_request'
puma (8.0.1) lib/puma/thread_pool.rb:434:in `with_force_shutdown'
puma (8.0.1) lib/puma/response.rb:78:in `handle_request'
puma (8.0.1) lib/puma/server.rb:508:in `process_client'
puma (8.0.1) lib/puma/server.rb:263:in `block in run'
puma (8.0.1) lib/puma/thread_pool.rb:246:in `block in spawn_thread'
Started GET "/api/v1/scripts" for ::1 at 2026-05-06 12:16:21 +0800
  [1m[36mActiveRecord::SchemaMigration Load (0.5ms)[0m  [1m[34mSELECT "schema_migrations"."version" FROM "schema_migrations" ORDER BY "schema_migrations"."version" ASC[0m
  
ActiveRecord::PendingMigrationError (

Migrations are pending. To resolve this issue, run:

        bin/rails db:migrate

You have 1 pending migration:

db/migrate/20260506032000_add_host_cross_gender_to_events.rb


):
  
activerecord (7.2.3.1) lib/active_record/migration.rb:756:in `check_pending_migrations'
activerecord (7.2.3.1) lib/active_record/migration.rb:663:in `block (2 levels) in call'
activesupport (7.2.3.1) lib/active_support/file_update_checker.rb:85:in `execute'
activerecord (7.2.3.1) lib/active_record/migration.rb:668:in `block in call'
activerecord (7.2.3.1) lib/active_record/migration.rb:660:in `synchronize'
activerecord (7.2.3.1) lib/active_record/migration.rb:660:in `call'
actionpack (7.2.3.1) lib/action_dispatch/middleware/callbacks.rb:31:in `block in call'
activesupport (7.2.3.1) lib/active_support/callbacks.rb:101:in `run_callbacks'
actionpack (7.2.3.1) lib/action_dispatch/middleware/callbacks.rb:30:in `call'
actionpack (7.2.3.1) lib/action_dispatch/middleware/executor.rb:16:in `call'
actionpack (7.2.3.1) lib/action_dispatch/middleware/actionable_exceptions.rb:18:in `call'
actionpack (7.2.3.1) lib/action_dispatch/middleware/debug_exceptions.rb:31:in `call'
actionpack (7.2.3.1) lib/action_dispatch/middleware/show_exceptions.rb:32:in `call'
railties (7.2.3.1) lib/rails/rack/logger.rb:41:in `call_app'
railties (7.2.3.1) lib/rails/rack/logger.rb:29:in `call'
actionpack (7.2.3.1) lib/action_dispatch/middleware/remote_ip.rb:96:in `call'
actionpack (7.2.3.1) lib/action_dispatch/middleware/request_id.rb:33:in `call'
rack (3.2.6) lib/rack/runtime.rb:24:in `call'
activesupport (7.2.3.1) lib/active_support/cache/strategy/local_cache_middleware.rb:29:in `call'
actionpack (7.2.3.1) lib/action_dispatch/middleware/server_timing.rb:61:in `block in call'
actionpack (7.2.3.1) lib/action_dispatch/middleware/server_timing.rb:26:in `collect_events'
actionpack (7.2.3.1) lib/action_dispatch/middleware/server_timing.rb:60:in `call'
actionpack (7.2.3.1) lib/action_dispatch/middleware/executor.rb:16:in `call'
actionpack (7.2.3.1) lib/action_dispatch/middleware/static.rb:27:in `call'
rack (3.2.6) lib/rack/sendfile.rb:131:in `call'
actionpack (7.2.3.1) lib/action_dispatch/middleware/host_authorization.rb:143:in `call'
rack-cors (3.0.0) lib/rack/cors.rb:102:in `call'
railties (7.2.3.1) lib/rails/engine.rb:535:in `call'
puma (8.0.1) lib/puma/configuration.rb:305:in `call'
puma (8.0.1) lib/puma/response.rb:79:in `block in handle_request'
puma (8.0.1) lib/puma/thread_pool.rb:434:in `with_force_shutdown'
puma (8.0.1) lib/puma/response.rb:78:in `handle_request'
puma (8.0.1) lib/puma/server.rb:508:in `process_client'
puma (8.0.1) lib/puma/server.rb:263:in `block in run'
puma (8.0.1) lib/puma/thread_pool.rb:246:in `block in spawn_thread'
Started GET "/api/v1/scripts" for ::1 at 2026-05-06 12:16:25 +0800
  [1m[36mActiveRecord::SchemaMigration Load (0.7ms)[0m  [1m[34mSELECT "schema_migrations"."version" FROM "schema_migrations" ORDER BY "schema_migrations"."version" ASC[0m
  
ActiveRecord::PendingMigrationError (

Migrations are pending. To resolve this issue, run:

        bin/rails db:migrate

You have 1 pending migration:

db/migrate/20260506032000_add_host_cross_gender_to_events.rb


):
  
activerecord (7.2.3.1) lib/active_record/migration.rb:756:in `check_pending_migrations'
activerecord (7.2.3.1) lib/active_record/migration.rb:663:in `block (2 levels) in call'
activesupport (7.2.3.1) lib/active_support/file_update_checker.rb:85:in `execute'
activerecord (7.2.3.1) lib/active_record/migration.rb:668:in `block in call'
activerecord (7.2.3.1) lib/active_record/migration.rb:660:in `synchronize'
activerecord (7.2.3.1) lib/active_record/migration.rb:660:in `call'
actionpack (7.2.3.1) lib/action_dispatch/middleware/callbacks.rb:31:in `block in call'
activesupport (7.2.3.1) lib/active_support/callbacks.rb:101:in `run_callbacks'
actionpack (7.2.3.1) lib/action_dispatch/middleware/callbacks.rb:30:in `call'
actionpack (7.2.3.1) lib/action_dispatch/middleware/executor.rb:16:in `call'
actionpack (7.2.3.1) lib/action_dispatch/middleware/actionable_exceptions.rb:18:in `call'
actionpack (7.2.3.1) lib/action_dispatch/middleware/debug_exceptions.rb:31:in `call'
actionpack (7.2.3.1) lib/action_dispatch/middleware/show_exceptions.rb:32:in `call'
railties (7.2.3.1) lib/rails/rack/logger.rb:41:in `call_app'
railties (7.2.3.1) lib/rails/rack/logger.rb:29:in `call'
actionpack (7.2.3.1) lib/action_dispatch/middleware/remote_ip.rb:96:in `call'
actionpack (7.2.3.1) lib/action_dispatch/middleware/request_id.rb:33:in `call'
rack (3.2.6) lib/rack/runtime.rb:24:in `call'
activesupport (7.2.3.1) lib/active_support/cache/strategy/local_cache_middleware.rb:29:in `call'
actionpack (7.2.3.1) lib/action_dispatch/middleware/server_timing.rb:61:in `block in call'
actionpack (7.2.3.1) lib/action_dispatch/middleware/server_timing.rb:26:in `collect_events'
actionpack (7.2.3.1) lib/action_dispatch/middleware/server_timing.rb:60:in `call'
actionpack (7.2.3.1) lib/action_dispatch/middleware/executor.rb:16:in `call'
actionpack (7.2.3.1) lib/action_dispatch/middleware/static.rb:27:in `call'
rack (3.2.6) lib/rack/sendfile.rb:131:in `call'
actionpack (7.2.3.1) lib/action_dispatch/middleware/host_authorization.rb:143:in `call'
rack-cors (3.0.0) lib/rack/cors.rb:102:in `call'
railties (7.2.3.1) lib/rails/engine.rb:535:in `call'
puma (8.0.1) lib/puma/configuration.rb:305:in `call'
puma (8.0.1) lib/puma/response.rb:79:in `block in handle_request'
puma (8.0.1) lib/puma/thread_pool.rb:434:in `with_force_shutdown'
puma (8.0.1) lib/puma/response.rb:78:in `handle_request'
puma (8.0.1) lib/puma/server.rb:508:in `process_client'
puma (8.0.1) lib/puma/server.rb:263:in `block in run'
puma (8.0.1) lib/puma/thread_pool.rb:246:in `block in spawn_thread'
Started GET "/api/v1/scripts" for ::1 at 2026-05-06 12:16:28 +0800
  [1m[36mActiveRecord::SchemaMigration Load (0.4ms)[0m  [1m[34mSELECT "schema_migrations"."version" FROM "schema_migrations" ORDER BY "schema_migrations"."version" ASC[0m
  
ActiveRecord::PendingMigrationError (

Migrations are pending. To resolve this issue, run:

        bin/rails db:migrate

You have 1 pending migration:

db/migrate/20260506032000_add_host_cross_gender_to_events.rb


):
  
activerecord (7.2.3.1) lib/active_record/migration.rb:756:in `check_pending_migrations'
activerecord (7.2.3.1) lib/active_record/migration.rb:663:in `block (2 levels) in call'
activesupport (7.2.3.1) lib/active_support/file_update_checker.rb:85:in `execute'
activerecord (7.2.3.1) lib/active_record/migration.rb:668:in `block in call'
activerecord (7.2.3.1) lib/active_record/migration.rb:660:in `synchronize'
activerecord (7.2.3.1) lib/active_record/migration.rb:660:in `call'
actionpack (7.2.3.1) lib/action_dispatch/middleware/callbacks.rb:31:in `block in call'
activesupport (7.2.3.1) lib/active_support/callbacks.rb:101:in `run_callbacks'
actionpack (7.2.3.1) lib/action_dispatch/middleware/callbacks.rb:30:in `call'
actionpack (7.2.3.1) lib/action_dispatch/middleware/executor.rb:16:in `call'
actionpack (7.2.3.1) lib/action_dispatch/middleware/actionable_exceptions.rb:18:in `call'
actionpack (7.2.3.1) lib/action_dispatch/middleware/debug_exceptions.rb:31:in `call'
actionpack (7.2.3.1) lib/action_dispatch/middleware/show_exceptions.rb:32:in `call'
railties (7.2.3.1) lib/rails/rack/logger.rb:41:in `call_app'
railties (7.2.3.1) lib/rails/rack/logger.rb:29:in `call'
actionpack (7.2.3.1) lib/action_dispatch/middleware/remote_ip.rb:96:in `call'
actionpack (7.2.3.1) lib/action_dispatch/middleware/request_id.rb:33:in `call'
rack (3.2.6) lib/rack/runtime.rb:24:in `call'
activesupport (7.2.3.1) lib/active_support/cache/strategy/local_cache_middleware.rb:29:in `call'
actionpack (7.2.3.1) lib/action_dispatch/middleware/server_timing.rb:61:in `block in call'
actionpack (7.2.3.1) lib/action_dispatch/middleware/server_timing.rb:26:in `collect_events'
actionpack (7.2.3.1) lib/action_dispatch/middleware/server_timing.rb:60:in `call'
actionpack (7.2.3.1) lib/action_dispatch/middleware/executor.rb:16:in `call'
actionpack (7.2.3.1) lib/action_dispatch/middleware/static.rb:27:in `call'
rack (3.2.6) lib/rack/sendfile.rb:131:in `call'
actionpack (7.2.3.1) lib/action_dispatch/middleware/host_authorization.rb:143:in `call'
rack-cors (3.0.0) lib/rack/cors.rb:102:in `call'
railties (7.2.3.1) lib/rails/engine.rb:535:in `call'
puma (8.0.1) lib/puma/configuration.rb:305:in `call'
puma (8.0.1) lib/puma/response.rb:79:in `block in handle_request'
puma (8.0.1) lib/puma/thread_pool.rb:434:in `with_force_shutdown'
puma (8.0.1) lib/puma/response.rb:78:in `handle_request'
puma (8.0.1) lib/puma/server.rb:508:in `process_client'
puma (8.0.1) lib/puma/server.rb:263:in `block in run'
puma (8.0.1) lib/puma/thread_pool.rb:246:in `block in spawn_thread'
Started GET "/api/v1/scripts" for ::1 at 2026-05-06 12:16:28 +0800
  [1m[36mActiveRecord::SchemaMigration Load (0.5ms)[0m  [1m[34mSELECT "schema_migrations"."version" FROM "schema_migrations" ORDER BY "schema_migrations"."version" ASC[0m
  
ActiveRecord::PendingMigrationError (

Migrations are pending. To resolve this issue, run:

        bin/rails db:migrate

You have 1 pending migration:

db/migrate/20260506032000_add_host_cross_gender_to_events.rb


):
  
activerecord (7.2.3.1) lib/active_record/migration.rb:756:in `check_pending_migrations'
activerecord (7.2.3.1) lib/active_record/migration.rb:663:in `block (2 levels) in call'
activesupport (7.2.3.1) lib/active_support/file_update_checker.rb:85:in `execute'
activerecord (7.2.3.1) lib/active_record/migration.rb:668:in `block in call'
activerecord (7.2.3.1) lib/active_record/migration.rb:660:in `synchronize'
activerecord (7.2.3.1) lib/active_record/migration.rb:660:in `call'
actionpack (7.2.3.1) lib/action_dispatch/middleware/callbacks.rb:31:in `block in call'
activesupport (7.2.3.1) lib/active_support/callbacks.rb:101:in `run_callbacks'
actionpack (7.2.3.1) lib/action_dispatch/middleware/callbacks.rb:30:in `call'
actionpack (7.2.3.1) lib/action_dispatch/middleware/executor.rb:16:in `call'
actionpack (7.2.3.1) lib/action_dispatch/middleware/actionable_exceptions.rb:18:in `call'
actionpack (7.2.3.1) lib/action_dispatch/middleware/debug_exceptions.rb:31:in `call'
actionpack (7.2.3.1) lib/action_dispatch/middleware/show_exceptions.rb:32:in `call'
railties (7.2.3.1) lib/rails/rack/logger.rb:41:in `call_app'
railties (7.2.3.1) lib/rails/rack/logger.rb:29:in `call'
actionpack (7.2.3.1) lib/action_dispatch/middleware/remote_ip.rb:96:in `call'
actionpack (7.2.3.1) lib/action_dispatch/middleware/request_id.rb:33:in `call'
rack (3.2.6) lib/rack/runtime.rb:24:in `call'
activesupport (7.2.3.1) lib/active_support/cache/strategy/local_cache_middleware.rb:29:in `call'
actionpack (7.2.3.1) lib/action_dispatch/middleware/server_timing.rb:61:in `block in call'
actionpack (7.2.3.1) lib/action_dispatch/middleware/server_timing.rb:26:in `collect_events'
actionpack (7.2.3.1) lib/action_dispatch/middleware/server_timing.rb:60:in `call'
actionpack (7.2.3.1) lib/action_dispatch/middleware/executor.rb:16:in `call'
actionpack (7.2.3.1) lib/action_dispatch/middleware/static.rb:27:in `call'
rack (3.2.6) lib/rack/sendfile.rb:131:in `call'
actionpack (7.2.3.1) lib/action_dispatch/middleware/host_authorization.rb:143:in `call'
rack-cors (3.0.0) lib/rack/cors.rb:102:in `call'
railties (7.2.3.1) lib/rails/engine.rb:535:in `call'
puma (8.0.1) lib/puma/configuration.rb:305:in `call'
puma (8.0.1) lib/puma/response.rb:79:in `block in handle_request'
puma (8.0.1) lib/puma/thread_pool.rb:434:in `with_force_shutdown'
puma (8.0.1) lib/puma/response.rb:78:in `handle_request'
puma (8.0.1) lib/puma/server.rb:508:in `process_client'
puma (8.0.1) lib/puma/server.rb:263:in `block in run'
puma (8.0.1) lib/puma/thread_pool.rb:246:in `block in spawn_thread'
  [1m[36mCACHE ActiveRecord::SchemaMigration Load (0.0ms)[0m  [1m[34mSELECT "schema_migrations"."version" FROM "schema_migrations" ORDER BY "schema_migrations"."version" ASC[0m
  [1m[35m (0.2ms)[0m  [1m[34mSELECT pg_try_advisory_lock(8709328801437608400)[0m
  [1m[36mActiveRecord::SchemaMigration Load (22.5ms)[0m  [1m[34mSELECT "schema_migrations"."version" FROM "schema_migrations" ORDER BY "schema_migrations"."version" ASC[0m
  [1m[36mActiveRecord::InternalMetadata Load (1.5ms)[0m  [1m[34mSELECT * FROM "ar_internal_metadata" WHERE "ar_internal_metadata"."key" = $1 ORDER BY "ar_internal_metadata"."key" ASC LIMIT 1[0m  [[nil, "environment"]]
Migrating to AddHostCrossGenderToEvents (20260506032000)
  [1m[36mTRANSACTION (0.1ms)[0m  [1m[35mBEGIN[0m
  [1m[35m (7.0ms)[0m  [1m[35mALTER TABLE "events" ADD "host_cross_gender" boolean DEFAULT FALSE NOT NULL[0m
  [1m[36mActiveRecord::SchemaMigration Create (0.3ms)[0m  [1m[32mINSERT INTO "schema_migrations" ("version") VALUES ('20260506032000') RETURNING "version"[0m
  [1m[36mTRANSACTION (52.2ms)[0m  [1m[35mCOMMIT[0m
Migrating to RemoveHostFieldsFromEvents (20260506033000)
  [1m[36mTRANSACTION (0.1ms)[0m  [1m[35mBEGIN[0m
  [1m[35m (18.8ms)[0m  [1m[35mALTER TABLE "events" DROP COLUMN "host_in_game"[0m
  [1m[35m (0.2ms)[0m  [1m[35mALTER TABLE "events" DROP COLUMN "host_cross_gender"[0m
  [1m[36mActiveRecord::SchemaMigration Create (0.2ms)[0m  [1m[32mINSERT INTO "schema_migrations" ("version") VALUES ('20260506033000') RETURNING "version"[0m
  [1m[36mTRANSACTION (0.2ms)[0m  [1m[35mCOMMIT[0m
  [1m[35m (0.1ms)[0m  [1m[34mSELECT pg_advisory_unlock(8709328801437608400)[0m
  [1m[36mActiveRecord::SchemaMigration Load (0.1ms)[0m  [1m[34mSELECT "schema_migrations"."version" FROM "schema_migrations" ORDER BY "schema_migrations"."version" ASC[0m
Started GET "/api/v1/scripts" for ::1 at 2026-05-06 12:21:10 +0800
  [1m[36mActiveRecord::SchemaMigration Load (0.5ms)[0m  [1m[34mSELECT "schema_migrations"."version" FROM "schema_migrations" ORDER BY "schema_migrations"."version" ASC[0m
Processing by Api::V1::ScriptsController#index as */*
  Parameters: {"script"=>{}}
  [1m[36mScript Load (0.2ms)[0m  [1m[34mSELECT "scripts".* FROM "scripts"[0m
  ↳ app/controllers/api/v1/scripts_controller.rb:11:in `map'
  [1m[36mActiveStorage::Attachment Load (0.1ms)[0m  [1m[34mSELECT "active_storage_attachments".* FROM "active_storage_attachments" WHERE "active_storage_attachments"."record_id" = $1 AND "active_storage_attachments"."record_type" = $2 AND "active_storage_attachments"."name" = $3 LIMIT $4[0m  [["record_id", 1], ["record_type", "Script"], ["name", "cover_image"], ["LIMIT", 1]]
  ↳ app/controllers/api/v1/scripts_controller.rb:58:in `script_json'
  [1m[36mActiveStorage::Blob Load (0.2ms)[0m  [1m[34mSELECT "active_storage_blobs".* FROM "active_storage_blobs" WHERE "active_storage_blobs"."id" = $1 LIMIT $2[0m  [["id", 1], ["LIMIT", 1]]
  ↳ app/controllers/api/v1/scripts_controller.rb:58:in `script_json'
Completed 200 OK in 21ms (Views: 0.1ms | ActiveRecord: 10.4ms (3 queries, 0 cached) | GC: 3.2ms)


Started GET "/api/v1/scripts" for ::1 at 2026-05-06 12:21:10 +0800
Started GET "/rails/active_storage/blobs/redirect/eyJfcmFpbHMiOnsiZGF0YSI6MSwicHVyIjoiYmxvYl9pZCJ9fQ==--ca7bbc074faee3dadbeb3d1539ca4b587c839f66/Screenshot%202026-05-06%20at%2012.01.31%E2%80%AFPM.png" for ::1 at 2026-05-06 12:21:10 +0800
Processing by Api::V1::ScriptsController#index as */*
  Parameters: {"script"=>{}}
  [1m[36mScript Load (0.3ms)[0m  [1m[34mSELECT "scripts".* FROM "scripts"[0m
  ↳ app/controllers/api/v1/scripts_controller.rb:11:in `map'
  [1m[36mActiveStorage::Attachment Load (0.8ms)[0m  [1m[34mSELECT "active_storage_attachments".* FROM "active_storage_attachments" WHERE "active_storage_attachments"."record_id" = $1 AND "active_storage_attachments"."record_type" = $2 AND "active_storage_attachments"."name" = $3 LIMIT $4[0m  [["record_id", 1], ["record_type", "Script"], ["name", "cover_image"], ["LIMIT", 1]]
  ↳ app/controllers/api/v1/scripts_controller.rb:58:in `script_json'
  [1m[36mActiveStorage::Blob Load (0.2ms)[0m  [1m[34mSELECT "active_storage_blobs".* FROM "active_storage_blobs" WHERE "active_storage_blobs"."id" = $1 LIMIT $2[0m  [["id", 1], ["LIMIT", 1]]
  ↳ app/controllers/api/v1/scripts_controller.rb:58:in `script_json'
Completed 200 OK in 5ms (Views: 0.1ms | ActiveRecord: 1.2ms (3 queries, 0 cached) | GC: 0.6ms)


Processing by ActiveStorage::Blobs::RedirectController#show as PNG
  Parameters: {"signed_id"=>"eyJfcmFpbHMiOnsiZGF0YSI6MSwicHVyIjoiYmxvYl9pZCJ9fQ==--ca7bbc074faee3dadbeb3d1539ca4b587c839f66", "filename"=>"Screenshot 2026-05-06 at 12.01.31 PM"}
  [1m[36mActiveStorage::Blob Load (0.2ms)[0m  [1m[34mSELECT "active_storage_blobs".* FROM "active_storage_blobs" WHERE "active_storage_blobs"."id" = $1 LIMIT $2[0m  [["id", 1], ["LIMIT", 1]]
[36m  Disk Storage (0.3ms) [0m[34mGenerated URL for file at key: lq1xxoy73u0mkj4qu9lepn1pnp18 (http://localhost:3000/rails/active_storage/disk/eyJfcmFpbHMiOnsiZGF0YSI6eyJrZXkiOiJscTF4eG95NzN1MG1rajRxdTlsZXBuMXBucDE4IiwiZGlzcG9zaXRpb24iOiJpbmxpbmU7IGZpbGVuYW1lPVwiU2NyZWVuc2hvdCAyMDI2LTA1LTA2IGF0IDEyLjAxLjMxJTNGUE0ucG5nXCI7IGZpbGVuYW1lKj1VVEYtOCcnU2NyZWVuc2hvdCUyMDIwMjYtMDUtMDYlMjBhdCUyMDEyLjAxLjMxJUUyJTgwJUFGUE0ucG5nIiwiY29udGVudF90eXBlIjoiaW1hZ2UvcG5nIiwic2VydmljZV9uYW1lIjoibG9jYWwifSwiZXhwIjoiMjAyNi0wNS0wNlQwNDoyNjoxMC40MjBaIiwicHVyIjoiYmxvYl9rZXkifX0=--0f7b5237fe23acda2223c848257869c9df48df65/Screenshot%202026-05-06%20at%2012.01.31%E2%80%AFPM.png)[0m
Redirected to http://localhost:3000/rails/active_storage/disk/eyJfcmFpbHMiOnsiZGF0YSI6eyJrZXkiOiJscTF4eG95NzN1MG1rajRxdTlsZXBuMXBucDE4IiwiZGlzcG9zaXRpb24iOiJpbmxpbmU7IGZpbGVuYW1lPVwiU2NyZWVuc2hvdCAyMDI2LTA1LTA2IGF0IDEyLjAxLjMxJTNGUE0ucG5nXCI7IGZpbGVuYW1lKj1VVEYtOCcnU2NyZWVuc2hvdCUyMDIwMjYtMDUtMDYlMjBhdCUyMDEyLjAxLjMxJUUyJTgwJUFGUE0ucG5nIiwiY29udGVudF90eXBlIjoiaW1hZ2UvcG5nIiwic2VydmljZV9uYW1lIjoibG9jYWwifSwiZXhwIjoiMjAyNi0wNS0wNlQwNDoyNjoxMC40MjBaIiwicHVyIjoiYmxvYl9rZXkifX0=--0f7b5237fe23acda2223c848257869c9df48df65/Screenshot%202026-05-06%20at%2012.01.31%E2%80%AFPM.png
Completed 302 Found in 2ms (ActiveRecord: 0.2ms (1 query, 0 cached) | GC: 0.1ms)


Started GET "/rails/active_storage/disk/eyJfcmFpbHMiOnsiZGF0YSI6eyJrZXkiOiJscTF4eG95NzN1MG1rajRxdTlsZXBuMXBucDE4IiwiZGlzcG9zaXRpb24iOiJpbmxpbmU7IGZpbGVuYW1lPVwiU2NyZWVuc2hvdCAyMDI2LTA1LTA2IGF0IDEyLjAxLjMxJTNGUE0ucG5nXCI7IGZpbGVuYW1lKj1VVEYtOCcnU2NyZWVuc2hvdCUyMDIwMjYtMDUtMDYlMjBhdCUyMDEyLjAxLjMxJUUyJTgwJUFGUE0ucG5nIiwiY29udGVudF90eXBlIjoiaW1hZ2UvcG5nIiwic2VydmljZV9uYW1lIjoibG9jYWwifSwiZXhwIjoiMjAyNi0wNS0wNlQwNDoyNjoxMC40MjBaIiwicHVyIjoiYmxvYl9rZXkifX0=--0f7b5237fe23acda2223c848257869c9df48df65/Screenshot%202026-05-06%20at%2012.01.31%E2%80%AFPM.png" for ::1 at 2026-05-06 12:21:10 +0800
Processing by ActiveStorage::DiskController#show as PNG
  Parameters: {"encoded_key"=>"[FILTERED]", "filename"=>"Screenshot 2026-05-06 at 12.01.31 PM"}
Completed 200 OK in 0ms (ActiveRecord: 0.0ms (0 queries, 0 cached) | GC: 0.0ms)


Started GET "/api/v1/events" for ::1 at 2026-05-06 12:21:11 +0800
Processing by Api::V1::EventsController#index as */*
  Parameters: {"event"=>{}}
  [1m[36mEvent Load (1.3ms)[0m  [1m[34mSELECT "events".* FROM "events"[0m
  ↳ app/controllers/api/v1/events_controller.rb:14:in `map'
Completed 200 OK in 2ms (Views: 0.1ms | ActiveRecord: 2.3ms (1 query, 0 cached) | GC: 0.0ms)


Started GET "/api/v1/events" for ::1 at 2026-05-06 12:21:11 +0800
Processing by Api::V1::EventsController#index as */*
  Parameters: {"event"=>{}}
  [1m[36mEvent Load (0.2ms)[0m  [1m[34mSELECT "events".* FROM "events"[0m
  ↳ app/controllers/api/v1/events_controller.rb:14:in `map'
Completed 200 OK in 1ms (Views: 0.0ms | ActiveRecord: 0.2ms (1 query, 0 cached) | GC: 0.0ms)


Started GET "/api/v1/scripts" for ::1 at 2026-05-06 12:21:12 +0800
Processing by Api::V1::ScriptsController#index as */*
  Parameters: {"script"=>{}}
  [1m[36mScript Load (0.3ms)[0m  [1m[34mSELECT "scripts".* FROM "scripts"[0m
  ↳ app/controllers/api/v1/scripts_controller.rb:11:in `map'
  [1m[36mActiveStorage::Attachment Load (0.1ms)[0m  [1m[34mSELECT "active_storage_attachments".* FROM "active_storage_attachments" WHERE "active_storage_attachments"."record_id" = $1 AND "active_storage_attachments"."record_type" = $2 AND "active_storage_attachments"."name" = $3 LIMIT $4[0m  [["record_id", 1], ["record_type", "Script"], ["name", "cover_image"], ["LIMIT", 1]]
  ↳ app/controllers/api/v1/scripts_controller.rb:58:in `script_json'
  [1m[36mActiveStorage::Blob Load (0.1ms)[0m  [1m[34mSELECT "active_storage_blobs".* FROM "active_storage_blobs" WHERE "active_storage_blobs"."id" = $1 LIMIT $2[0m  [["id", 1], ["LIMIT", 1]]
  ↳ app/controllers/api/v1/scripts_controller.rb:58:in `script_json'
Completed 200 OK in 2ms (Views: 0.1ms | ActiveRecord: 0.5ms (3 queries, 0 cached) | GC: 0.1ms)


Started GET "/api/v1/scripts" for ::1 at 2026-05-06 12:21:12 +0800
Processing by Api::V1::ScriptsController#index as */*
  Parameters: {"script"=>{}}
  [1m[36mScript Load (0.2ms)[0m  [1m[34mSELECT "scripts".* FROM "scripts"[0m
  ↳ app/controllers/api/v1/scripts_controller.rb:11:in `map'
  [1m[36mActiveStorage::Attachment Load (0.1ms)[0m  [1m[34mSELECT "active_storage_attachments".* FROM "active_storage_attachments" WHERE "active_storage_attachments"."record_id" = $1 AND "active_storage_attachments"."record_type" = $2 AND "active_storage_attachments"."name" = $3 LIMIT $4[0m  [["record_id", 1], ["record_type", "Script"], ["name", "cover_image"], ["LIMIT", 1]]
  ↳ app/controllers/api/v1/scripts_controller.rb:58:in `script_json'
  [1m[36mActiveStorage::Blob Load (0.1ms)[0m  [1m[34mSELECT "active_storage_blobs".* FROM "active_storage_blobs" WHERE "active_storage_blobs"."id" = $1 LIMIT $2[0m  [["id", 1], ["LIMIT", 1]]
  ↳ app/controllers/api/v1/scripts_controller.rb:58:in `script_json'
Completed 200 OK in 2ms (Views: 0.1ms | ActiveRecord: 0.4ms (3 queries, 0 cached) | GC: 0.0ms)


Started GET "/api/v1/scripts/1" for ::1 at 2026-05-06 12:21:13 +0800
Processing by Api::V1::ScriptsController#show as */*
  Parameters: {"id"=>"1", "script"=>{}}
  [1m[36mScript Load (0.3ms)[0m  [1m[34mSELECT "scripts".* FROM "scripts" WHERE "scripts"."id" = $1 LIMIT $2[0m  [["id", 1], ["LIMIT", 1]]
  ↳ app/controllers/api/v1/scripts_controller.rb:15:in `show'
  [1m[36mActiveStorage::Attachment Load (0.1ms)[0m  [1m[34mSELECT "active_storage_attachments".* FROM "active_storage_attachments" WHERE "active_storage_attachments"."record_id" = $1 AND "active_storage_attachments"."record_type" = $2 AND "active_storage_attachments"."name" = $3 LIMIT $4[0m  [["record_id", 1], ["record_type", "Script"], ["name", "cover_image"], ["LIMIT", 1]]
  ↳ app/controllers/api/v1/scripts_controller.rb:58:in `script_json'
  [1m[36mActiveStorage::Blob Load (0.1ms)[0m  [1m[34mSELECT "active_storage_blobs".* FROM "active_storage_blobs" WHERE "active_storage_blobs"."id" = $1 LIMIT $2[0m  [["id", 1], ["LIMIT", 1]]
  ↳ app/controllers/api/v1/scripts_controller.rb:58:in `script_json'
Completed 200 OK in 3ms (Views: 0.1ms | ActiveRecord: 0.5ms (3 queries, 0 cached) | GC: 0.0ms)


Started GET "/api/v1/scripts/1" for ::1 at 2026-05-06 12:21:13 +0800
Processing by Api::V1::ScriptsController#show as */*
  Parameters: {"id"=>"1", "script"=>{}}
  [1m[36mScript Load (0.7ms)[0m  [1m[34mSELECT "scripts".* FROM "scripts" WHERE "scripts"."id" = $1 LIMIT $2[0m  [["id", 1], ["LIMIT", 1]]
  ↳ app/controllers/api/v1/scripts_controller.rb:15:in `show'
  [1m[36mActiveStorage::Attachment Load (0.1ms)[0m  [1m[34mSELECT "active_storage_attachments".* FROM "active_storage_attachments" WHERE "active_storage_attachments"."record_id" = $1 AND "active_storage_attachments"."record_type" = $2 AND "active_storage_attachments"."name" = $3 LIMIT $4[0m  [["record_id", 1], ["record_type", "Script"], ["name", "cover_image"], ["LIMIT", 1]]
  ↳ app/controllers/api/v1/scripts_controller.rb:58:in `script_json'
  [1m[36mActiveStorage::Blob Load (0.2ms)[0m  [1m[34mSELECT "active_storage_blobs".* FROM "active_storage_blobs" WHERE "active_storage_blobs"."id" = $1 LIMIT $2[0m  [["id", 1], ["LIMIT", 1]]
  ↳ app/controllers/api/v1/scripts_controller.rb:58:in `script_json'
Completed 200 OK in 3ms (Views: 0.1ms | ActiveRecord: 1.0ms (3 queries, 0 cached) | GC: 0.1ms)


Started GET "/api/v1/scripts" for ::1 at 2026-05-06 12:21:14 +0800
Processing by Api::V1::ScriptsController#index as */*
  Parameters: {"script"=>{}}
  [1m[36mScript Load (0.2ms)[0m  [1m[34mSELECT "scripts".* FROM "scripts"[0m
  ↳ app/controllers/api/v1/scripts_controller.rb:11:in `map'
  [1m[36mActiveStorage::Attachment Load (0.1ms)[0m  [1m[34mSELECT "active_storage_attachments".* FROM "active_storage_attachments" WHERE "active_storage_attachments"."record_id" = $1 AND "active_storage_attachments"."record_type" = $2 AND "active_storage_attachments"."name" = $3 LIMIT $4[0m  [["record_id", 1], ["record_type", "Script"], ["name", "cover_image"], ["LIMIT", 1]]
  ↳ app/controllers/api/v1/scripts_controller.rb:58:in `script_json'
  [1m[36mActiveStorage::Blob Load (0.1ms)[0m  [1m[34mSELECT "active_storage_blobs".* FROM "active_storage_blobs" WHERE "active_storage_blobs"."id" = $1 LIMIT $2[0m  [["id", 1], ["LIMIT", 1]]
  ↳ app/controllers/api/v1/scripts_controller.rb:58:in `script_json'
Completed 200 OK in 2ms (Views: 0.1ms | ActiveRecord: 0.4ms (3 queries, 0 cached) | GC: 0.0ms)


Started GET "/api/v1/scripts" for ::1 at 2026-05-06 12:21:14 +0800
Processing by Api::V1::ScriptsController#index as */*
  Parameters: {"script"=>{}}
  [1m[36mScript Load (0.3ms)[0m  [1m[34mSELECT "scripts".* FROM "scripts"[0m
  ↳ app/controllers/api/v1/scripts_controller.rb:11:in `map'
  [1m[36mActiveStorage::Attachment Load (0.2ms)[0m  [1m[34mSELECT "active_storage_attachments".* FROM "active_storage_attachments" WHERE "active_storage_attachments"."record_id" = $1 AND "active_storage_attachments"."record_type" = $2 AND "active_storage_attachments"."name" = $3 LIMIT $4[0m  [["record_id", 1], ["record_type", "Script"], ["name", "cover_image"], ["LIMIT", 1]]
  ↳ app/controllers/api/v1/scripts_controller.rb:58:in `script_json'
  [1m[36mActiveStorage::Blob Load (0.1ms)[0m  [1m[34mSELECT "active_storage_blobs".* FROM "active_storage_blobs" WHERE "active_storage_blobs"."id" = $1 LIMIT $2[0m  [["id", 1], ["LIMIT", 1]]
  ↳ app/controllers/api/v1/scripts_controller.rb:58:in `script_json'
Completed 200 OK in 3ms (Views: 0.1ms | ActiveRecord: 0.6ms (3 queries, 0 cached) | GC: 0.0ms)


  [1m[36mCACHE ActiveRecord::SchemaMigration Load (0.0ms)[0m  [1m[34mSELECT "schema_migrations"."version" FROM "schema_migrations" ORDER BY "schema_migrations"."version" ASC[0m
Started GET "/api/v1/scripts" for ::1 at 2026-05-06 12:22:11 +0800
  [1m[36mActiveRecord::SchemaMigration Load (0.7ms)[0m  [1m[34mSELECT "schema_migrations"."version" FROM "schema_migrations" ORDER BY "schema_migrations"."version" ASC[0m
Processing by Api::V1::ScriptsController#index as */*
  Parameters: {"script"=>{}}
  [1m[36mScript Load (0.3ms)[0m  [1m[34mSELECT "scripts".* FROM "scripts"[0m
  ↳ app/controllers/api/v1/scripts_controller.rb:11:in `map'
  [1m[36mActiveStorage::Attachment Load (0.2ms)[0m  [1m[34mSELECT "active_storage_attachments".* FROM "active_storage_attachments" WHERE "active_storage_attachments"."record_id" = $1 AND "active_storage_attachments"."record_type" = $2 AND "active_storage_attachments"."name" = $3 LIMIT $4[0m  [["record_id", 1], ["record_type", "Script"], ["name", "cover_image"], ["LIMIT", 1]]
  ↳ app/controllers/api/v1/scripts_controller.rb:58:in `script_json'
  [1m[36mActiveStorage::Blob Load (0.1ms)[0m  [1m[34mSELECT "active_storage_blobs".* FROM "active_storage_blobs" WHERE "active_storage_blobs"."id" = $1 LIMIT $2[0m  [["id", 1], ["LIMIT", 1]]
  ↳ app/controllers/api/v1/scripts_controller.rb:58:in `script_json'
Completed 200 OK in 17ms (Views: 0.1ms | ActiveRecord: 13.0ms (3 queries, 0 cached) | GC: 0.1ms)


Started GET "/api/v1/scripts" for ::1 at 2026-05-06 12:22:11 +0800
Processing by Api::V1::ScriptsController#index as */*
  Parameters: {"script"=>{}}
  [1m[36mScript Load (0.2ms)[0m  [1m[34mSELECT "scripts".* FROM "scripts"[0m
  ↳ app/controllers/api/v1/scripts_controller.rb:11:in `map'
  [1m[36mActiveStorage::Attachment Load (0.1ms)[0m  [1m[34mSELECT "active_storage_attachments".* FROM "active_storage_attachments" WHERE "active_storage_attachments"."record_id" = $1 AND "active_storage_attachments"."record_type" = $2 AND "active_storage_attachments"."name" = $3 LIMIT $4[0m  [["record_id", 1], ["record_type", "Script"], ["name", "cover_image"], ["LIMIT", 1]]
  ↳ app/controllers/api/v1/scripts_controller.rb:58:in `script_json'
  [1m[36mActiveStorage::Blob Load (0.1ms)[0m  [1m[34mSELECT "active_storage_blobs".* FROM "active_storage_blobs" WHERE "active_storage_blobs"."id" = $1 LIMIT $2[0m  [["id", 1], ["LIMIT", 1]]
  ↳ app/controllers/api/v1/scripts_controller.rb:58:in `script_json'
Completed 200 OK in 2ms (Views: 0.1ms | ActiveRecord: 0.4ms (3 queries, 0 cached) | GC: 0.0ms)


